date,Close,returns
2016-08-12,102.08863084456044,0.02088630844560427
2016-08-15,101.57908112445324,-0.004991248446489994
2016-08-16,101.68003467795381,0.000993841964143013
2016-08-17,102.23827793620357,0.005490195395958094
2016-08-18,101.33172332051437,-0.008867076343508863
2016-08-19,101.39503405125313,0.0006247868748713775
2016-08-22,101.45478770323128,0.0005893153697048236
2016-08-23,99.37935839211752,-0.02045669167614505
2016-08-24,100.65259640313808,0.012811896067961919
2016-08-25,101.43828877814236,0.007805982191034593
2016-08-26,100.73784241295176,-0.006905147687601116
2016-08-29,100.59090829796892,-0.0014585791343486544
2016-08-30,101.26120511910187,0.0066635924903610195
2016-08-31,101.00437865535837,-0.002536276982299764
2016-09-01,100.77075664422581,-0.0023129889440705593
2016-09-02,99.07388825753131,-0.01683889694988949
2016-09-05,99.79266572468826,0.007254963742702654
2016-09-06,100.00089019337486,0.002086570863444461
2016-09-07,100.3902455678717,0.003893519085119563
2016-09-08,98.6115016437749,-0.017718294382438084
2016-09-09,100.62400424849092,0.020408396294237706
2016-09-12,100.87073696594547,0.0024520264254762965
2016-09-13,100.462646311466,-0.004045679319436658
2016-09-14,102.96907547750982,0.02494886664913334
2016-09-15,102.97477663238419,5.536764167224687e-05
2016-09-16,101.24396171824391,-0.0168081443897589
2016-09-19,100.81238561348981,-0.004262734265132241
2016-09-20,98.10458699127616,-0.02685978122366067
2016-09-21,99.39885712423161,0.013192758592119056
2016-09-22,98.96173158311635,-0.0043976918222402225
2016-09-23,98.13929603029752,-0.008310642302454813
2016-09-26,99.46119717263177,0.013469641578905945
2016-09-27,97.5502584339976,-0.019212907072870065
2016-09-28,98.23556385405111,0.0070251522759130925
2016-09-29,95.86091776580444,-0.02417297763745411
2016-09-30,95.15673189237202,-0.0073459120760017045
2016-10-03,93.83875043166096,-0.013850638147196791
2016-10-04,95.54133327415107,0.01814370752656229
2016-10-05,97.62355445476372,0.021793930535152006
2016-10-06,97.29622609126018,-0.0033529650229567817
2016-10-07,98.33620588623538,0.010688798905722429
2016-10-10,98.18281745204384,-0.001559836815028204
2016-10-11,98.91101414153489,0.007416742647935783
2016-10-12,98.0767940630416,-0.008434046357057577
2016-10-13,96.1250589528534,-0.019900070438004673
2016-10-14,94.102858410095,-0.021037183901756892
2016-10-17,94.59195446157807,0.0051974622210901435
2016-10-18,97.19996254085407,0.027571140633692395
2016-10-19,97.57252412309983,0.0038329395660946443
2016-10-20,97.01682367499473,-0.005695255432810228
2016-10-21,99.30100973116119,0.023544226347983286
2016-10-24,99.64336209278558,0.0034476221596463213
2016-10-25,99.82443478984472,0.001817207822539385
2016-10-26,100.18689060702631,0.0036309328266638102
2016-10-27,100.0878532236526,-0.0009885263708021659
2016-10-28,99.77620806495015,-0.003113716087066565
2016-10-31,98.11797122955595,-0.01661956159242665
2016-11-01,98.76746210772963,0.0066194894781724896
2016-11-02,98.71439381647347,-0.00053730540527873
2016-11-03,100.18691949590524,0.014917031068128129
2016-11-04,99.80362221311894,-0.003825821621374156
2016-11-07,97.58035295658293,-0.022276438542365617
2016-11-08,97.52226068093452,-0.000595327582738374
2016-11-09,99.56968666882669,0.02099444756096017
2016-11-10,99.1713006382855,-0.004001077475178151
2016-11-11,98.17182427119651,-0.010078282332248993
2016-11-14,96.82460220843782,-0.013723103067098197
2016-11-15,95.66268744922834,-0.01200020173290448
2016-11-16,95.37547698628512,-0.0030023248416019568
2016-11-17,94.08220601249067,-0.013559785121498464
2016-11-18,95.82946963777036,0.018571669387171003
2016-11-21,95.56194990226443,-0.0027916228329045653
2016-11-22,95.7438788750107,0.0019037804579367622
2016-11-23,97.45375676793233,0.01785887424880508
2016-11-24,99.27027747119433,0.01863982224500293
2016-11-25,99.07642290971981,-0.0019527956042107303
2016-11-28,99.53055857669197,0.004583690585861978
2016-11-29,100.46816818997955,0.009420319012528317
2016-11-30,100.2959390729722,-0.0017142655241973652
2016-12-01,98.21618701116053,-0.020736154235502104
2016-12-02,99.04674909735336,0.008456468444437322
2016-12-05,100.16916940689417,0.011332227657846392
2016-12-06,100.7287175296658,0.0055860313715761275
2016-12-07,99.67282513395843,-0.010482535880558612
2016-12-08,99.49816567678498,-0.0017523277476955857
2016-12-09,98.85249841642198,-0.0064892378263576396
2016-12-12,98.55628346011184,-0.0029965348479339296
2016-12-13,100.149211446223,0.016162622312720077
2016-12-14,102.04753530263307,0.01895495560071787
2016-12-15,102.92851354450502,0.008633018320915934
2016-12-16,103.66804888655474,0.007184941437339954
2016-12-19,104.57198740189476,0.008719547874670629
2016-12-20,104.61936831693293,0.00045309376072268266
2016-12-21,104.5871495753777,-0.00030796153784479544
2016-12-22,103.8044463054489,-0.007483742248512887
2016-12-23,103.79713749660483,-7.040940060088678e-05
2016-12-26,106.67432811637342,0.02771936383951514
2016-12-27,107.85078295190151,0.011028471951045908
2016-12-28,107.47272235561951,-0.0035054042811223573
2016-12-29,106.92857508434932,-0.005063119825602257
2016-12-30,105.88346803370058,-0.00977387989902895
2017-01-02,106.42267368603125,0.005092444196850907
2017-01-03,106.9865593651164,0.005298548322030967
2017-01-04,105.19801585080168,-0.01671745988401126
2017-01-05,105.87507263377098,0.006436022366900427
2017-01-06,105.21508266130247,-0.006233667246221965
2017-01-09,107.0795627240765,0.01772065387978603
2017-01-10,107.3453478840023,0.0024821278044502046
2017-01-11,109.62243904975169,0.021212760595922822
2017-01-12,109.0855607960191,-0.004897521514632112
2017-01-13,108.7740335535412,-0.0028558063982493755
2017-01-16,109.23063433890658,0.004197700227238798
2017-01-17,110.6802755500719,0.013271379589974463
2017-01-18,111.49826807264485,0.00739058986352887
2017-01-19,109.9147376332673,-0.014202287324730755
2017-01-20,110.22192826741838,0.002794808419377201
2017-01-23,110.31748372008776,0.0008669368624867257
2017-01-24,109.81566899930685,-0.004548823122671904
2017-01-25,109.02749300485485,-0.007177263514708321
2017-01-26,111.37931708352009,0.021570926872183732
2017-01-27,110.92437291745794,-0.004084637776338763
2017-01-30,109.86492628448741,-0.009551071645533694
2017-01-31,110.77080149320018,0.008245353993749285
2017-02-01,111.01089451671332,0.0021674757271470378
2017-02-02,110.97650707203866,-0.000309766395671014
2017-02-03,112.08356672779517,0.009975621732605909
2017-02-06,112.8080194207171,0.006463504990712227
2017-02-07,113.36599947230489,0.004946280011413113
2017-02-08,114.74570969124484,0.01217040581269691
2017-02-09,115.2051098700261,0.004003637086017482
2017-02-10,114.42136220483374,-0.006803063389085673
2017-02-13,113.99258110921599,-0.0037473867410366827
2017-02-14,113.3483328836275,-0.005651668023651744
2017-02-15,113.70160162968436,0.0031166646837192066
2017-02-16,112.29899928255524,-0.012335818731008467
2017-02-17,109.89702345424891,-0.021389111600742916
2017-02-20,110.07921723411583,0.001657859095180748
2017-02-21,108.3797871329791,-0.015438246599468332
2017-02-22,105.9061553555562,-0.022823737182541503
2017-02-23,106.44415538464835,0.005079969405800258
2017-02-24,105.59977239514005,-0.007932638353482487
2017-02-27,106.29182103859179,0.00655350506686891
2017-02-28,105.67849118724808,-0.00577024502309567
2017-03-01,104.31909077370754,-0.012863548658466959
2017-03-02,102.82501083129208,-0.014322210166272189
2017-03-03,102.25133707076881,-0.005579126672444532
2017-03-06,101.9772427833618,-0.0026805936749493575
2017-03-07,101.0307388621103,-0.009281521008194323
2017-03-08,100.75055082384927,-0.002773294953761026
2017-03-09,98.95384332476134,-0.017833227554549694
2017-03-10,99.03042047224967,0.000773867339715319
2017-03-13,96.95832925557286,-0.020923784901604545
2017-03-14,96.79095243783595,-0.0017262758034507727
2017-03-15,97.65892814147696,0.00896752931735491
2017-03-16,98.99717437464166,0.013703265626937878
2017-03-17,101.09319828219134,0.021172562962429104
2017-03-20,99.26589305315666,-0.018075451762184305
2017-03-21,100.22923900436828,0.009704702406653826
2017-03-22,101.74023350385991,0.015075386329390164
2017-03-23,102.99842280317729,0.012366683818055597
2017-03-24,101.91159521010671,-0.010551885781274863
2017-03-27,102.47634463077074,0.005541561973391747
2017-03-28,104.82517091074403,0.022920668066725745
2017-03-29,103.0046424277683,-0.01736728370827914
2017-03-30,103.65522514710332,0.006316052403087027
2017-03-31,105.10095493083126,0.013947485827908987
2017-04-03,104.28546693248627,-0.007759092187903242
2017-04-04,105.07758217607716,0.007595643639431464
2017-04-05,103.79030717925589,-0.012250710095938448
2017-04-06,102.8409888256383,-0.009146502977180867
2017-04-07,101.89434133252838,-0.009204962961946167
2017-04-10,102.19061873297984,0.0029076923858270282
2017-04-11,102.14036392179165,-0.0004917751923932142
2017-04-12,103.3710922346253,0.012049382492664778
2017-04-13,102.26674274143464,-0.010683349370867297
2017-04-14,102.1670011894448,-0.0009753078011099835
2017-04-17,103.40658499257225,0.012132917563362074
2017-04-18,104.16448557143907,0.007329326066819346
2017-04-19,102.57121726333214,-0.01529569602697477
2017-04-20,103.45152901402015,0.008582444219492539
2017-04-21,102.91968319734742,-0.00514101455765479
2017-04-24,103.45740133192952,0.005224638454735791
2017-04-25,103.8927671451648,0.004208164980274899
2017-04-26,105.47524376010614,0.015231826607623547
2017-04-27,105.68605916303723,0.001998719276824424
2017-04-28,103.39841355437966,-0.021645670458092476
2017-05-01,101.76075674169832,-0.015838316627750332
2017-05-02,102.71464707841658,0.009373852625128689
2017-05-03,102.45788141462653,-0.0024997959988513328
2017-05-04,103.91849522657266,0.014255748721128758
2017-05-05,104.3218305296597,0.003881265815172292
2017-05-08,103.4466967228469,-0.008388788831346312
2017-05-09,104.85242158652677,0.013588881116678577
2017-05-10,103.89944181437853,-0.009088772178349927
2017-05-11,101.40256927676899,-0.024031626099304128
2017-05-12,103.97470087441191,0.025365546612754176
2017-05-15,101.65305117897393,-0.02232898653146635
2017-05-16,102.49036271677869,0.00823695430775183
2017-05-17,103.70653603446311,0.011866221227504073
2017-05-18,103.951780250858,0.002364790357219105
2017-05-19,101.91424613383026,-0.019600762123657064
2017-05-22,103.21672846505545,0.012780179225530682
2017-05-23,101.49316138568514,-0.01669852459966158
2017-05-24,99.91762795317041,-0.015523542778685596
2017-05-25,99.5439340510546,-0.003740019751979598
2017-05-26,100.54555057938352,0.010062054889403968
2017-05-29,100.96797932438993,0.004201366868769523
2017-05-30,102.01089973817975,0.010329219429450219
2017-05-31,101.5290282022139,-0.004723725966564522
2017-06-01,101.38016639805494,-0.0014661994386715158
2017-06-02,100.05759709627532,-0.013045641457982388
2017-06-05,99.73717410430568,-0.003202385438672111
2017-06-06,100.506899517687,0.007717537821718748
2017-06-07,100.20558620027609,-0.002997936647701435
2017-06-08,100.8374339928529,0.006305514657775384
2017-06-09,100.20424639924349,-0.006279291018594231
2017-06-12,99.5520471095381,-0.006508699113477018
2017-06-13,99.65857016895858,0.0010700237967309996
2017-06-14,99.48530596799293,-0.0017385780336994874
2017-06-15,100.2522006769073,0.007708622911217496
2017-06-16,100.52683986627602,0.0027394828992715232
2017-06-19,102.68657413038163,0.02148415554471389
2017-06-20,102.4777164103557,-0.0020339340541320103
2017-06-21,102.25974304905917,-0.0021270317970756097
2017-06-22,101.04473647104838,-0.011881572765422347
2017-06-23,101.13298243751362,0.000873335609030233
2017-06-26,102.02234055172686,0.008793947264066392
2017-06-27,101.17723362761967,-0.008283547696876342
2017-06-28,101.17763154218771,3.932846884466745e-06
2017-06-29,102.11076057459651,0.009222681122158042
2017-06-30,102.016521554189,-0.0009229097881282988
2017-07-03,101.44220448705545,-0.005629647613778713
2017-07-04,102.68762238238446,0.012277117809362439
2017-07-05,102.86878745795242,0.0017642347866751737
2017-07-06,103.42003804868277,0.0053587740689145895
2017-07-07,104.93583673380097,0.014656721402526223
2017-07-10,106.44101444659107,0.014343791021635594
2017-07-11,106.06139787042741,-0.003566450189688271
2017-07-12,105.4563009827901,-0.005705156633675025
2017-07-13,105.87936078472661,0.0040117071999855765
2017-07-14,105.77417488898229,-0.0009934504228655949
2017-07-17,103.42616423250867,-0.022198335831388173
2017-07-18,105.07108919775311,0.015904340815990653
2017-07-19,105.1585436404957,0.0008323359299910787
2017-07-20,106.15087598118042,0.009436535599781595
2017-07-21,104.72049305775501,-0.013474998771362037
2017-07-24,106.40214109557286,0.016058442705100723
2017-07-25,105.71487331512718,-0.00645915367274768
2017-07-26,105.64171810672693,-0.0006920048816799316
2017-07-27,103.92851621870514,-0.016217096036728523
2017-07-28,103.78266326737696,-0.00140339684077905
2017-07-31,103.5587368953698,-0.0021576471922892604
2017-08-01,103.39052369784947,-0.0016243264698206352
2017-08-02,103.99660483203836,0.005862056913069828
2017-08-03,104.13431195446601,0.001324150174422031
2017-08-04,105.41614196901548,0.01230939150114098
2017-08-07,104.88717449704589,-0.005017898227816633
2017-08-08,103.69647526871422,-0.01135219090457237
2017-08-09,103.7349179682822,0.00037072330055926036
2017-08-10,104.57936339946153,0.008140416435645404
2017-08-11,106.20407714882943,0.015535701275613906
2017-08-14,107.30510089434736,0.01036705722676726
2017-08-15,105.09619448729124,-0.020585288011899922
2017-08-16,105.63478098636467,0.00512470029672259
2017-08-17,107.54935448365094,0.01812446127505481
2017-08-18,107.69464467001936,0.0013509163961601628
2017-08-21,107.09236129257228,-0.0055925100017043166
2017-08-22,107.55392189815718,0.004309930232315511
2017-08-23,106.9689464624946,-0.005438903810653143
2017-08-24,107.85351097469689,0.008269357990848646
2017-08-25,107.90140508884213,0.0004440663425085914
2017-08-28,109.76982598768218,0.01731600155995804
2017-08-29,110.49365184066141,0.006594032981891172
2017-08-30,109.60013208136397,-0.008086616239147963
2017-08-31,110.46110418350263,0.007855575406601605
2017-09-01,111.7680954772472,0.01183214040277333
2017-09-04,111.07273359549393,-0.006221470257537176
2017-09-05,110.5718474568337,-0.004509532829941567
2017-09-06,107.57953008584367,-0.02706219928321449
2017-09-07,108.81033370513083,0.011440871867585222
2017-09-08,108.10817489750315,-0.0064530526073975185
2017-09-11,105.41971986744805,-0.0248681936643923
2017-09-12,103.24541069378607,-0.020625260400956285
2017-09-13,103.03113497460483,-0.002075401877346016
2017-09-14,104.0334135765888,0.00972791964517328
2017-09-15,103.9846452688503,-0.0004687754257202884
2017-09-18,104.635727771154,0.00626133310952138
2017-09-19,103.3154346268323,-0.012617995520700854
2017-09-20,101.71441861455455,-0.015496387524869763
2017-09-21,102.856534188582,0.011228649679997654
2017-09-22,103.52569138978518,0.006505733510097817
2017-09-25,103.54990540721477,0.00023389380070310613
2017-09-26,105.20516219098558,0.01598511150021267
2017-09-27,104.06744353128852,-0.010814285497052769
2017-09-28,103.60505149685382,-0.004443195861688337
2017-09-29,104.94326158275695,0.012916455969753195
2017-10-02,107.32059719133586,0.0226535327063775
2017-10-03,107.3958404346919,0.0007011071995983925
2017-10-04,109.62475871862138,0.020754232891215956
2017-10-05,108.89793260438974,-0.006630127379319706
2017-10-06,109.39418028480502,0.004556998177532717
2017-10-09,109.23163333243639,-0.0014858829962017608
2017-10-10,107.21532863608493,-0.01845898147668473
2017-10-11,107.61156154072621,0.003695674020514294
2017-10-12,108.88062428968787,0.011792996317420697
2017-10-13,108.75223179072216,-0.0011792042872945602
2017-10-16,108.72553730444379,-0.00024546150307741185
2017-10-17,110.60813387833659,0.017315127803151843
2017-10-18,109.01575692807597,-0.014396562842404996
2017-10-19,107.1220376930329,-0.01737105982112733
2017-10-20,106.3455668448675,-0.007248469734961833
2017-10-23,104.88230784316423,-0.013759473432849556
2017-10-24,106.63966034394515,0.01675547131751504
2017-10-25,107.09994584782469,0.00431626941041423
2017-10-26,106.05367391935859,-0.009769117250093745
2017-10-27,105.3352928497025,-0.006773749961763081
2017-10-30,109.01495023018181,0.0349328062886731
2017-10-31,108.28225196819034,-0.006721080553120538
2017-11-01,107.35705635467805,-0.008544296010615675
2017-11-02,107.81350485238511,0.004251686039146511
2017-11-03,108.7039397711945,0.008259029516093966
2017-11-06,109.05833440580243,0.0032601820628936676
2017-11-07,107.93465072329852,-0.010303510397680632
2017-11-08,106.49801409536877,-0.013310244840766736
2017-11-09,107.32376632433787,0.007753686638979421
2017-11-10,107.3183698457914,-5.0282232270543637e-05
2017-11-13,105.26888994077315,-0.01909719564286343
2017-11-14,106.81129097099146,0.014652011920008874
2017-11-15,107.8691444560527,0.009903948126125923
2017-11-16,107.6219676409936,-0.002291450593267623
2017-11-17,107.35041943600481,-0.0025231670721225065
2017-11-20,107.71299735206446,0.0033775174607100452
2017-11-21,106.88962725270602,-0.0076441109206832406
2017-11-22,105.22431363361757,-0.015579749521919123
2017-11-23,105.69468873674664,0.004470213079905508
2017-11-24,103.93285986347328,-0.01666903885455907
2017-11-27,104.48253182848511,0.005288721639468745
2017-11-28,102.73824928475418,-0.01669448962621126
2017-11-29,102.67758124272697,-0.0005905107635136524
2017-11-30,102.57205595394102,-0.0010277344626622269
2017-12-01,104.82777456549381,0.021991551115692665
2017-12-04,103.55174802669306,-0.012172599715007034
2017-12-05,101.8556377207645,-0.01637934982508784
2017-12-06,101.12694948467485,-0.007154127669273783
2017-12-07,99.82395006647391,-0.012884789117448862
2017-12-08,99.17737540893047,-0.0064771495929871695
2017-12-11,99.73768907390837,0.005649611745295712
2017-12-12,100.72147462478365,0.009863729148028202
2017-12-13,102.78774901690562,0.020514735311604942
2017-12-14,101.94076870804884,-0.008240090058957206
2017-12-15,105.22962925417701,0.032262465624005976
2017-12-18,107.795782561009,0.02438622396581459
2017-12-19,107.59718806234292,-0.0018423216006032235
2017-12-20,104.70314221813464,-0.026897039749137666
2017-12-21,104.66153866846817,-0.0003973476706152975
2017-12-22,104.8154007804836,0.0014700922036203546
2017-12-25,101.98632970936633,-0.026990986534910433
2017-12-26,102.13787958922826,0.001485982290899301
2017-12-27,101.9538423330314,-0.0018018511539205926
2017-12-28,101.05373922546242,-0.008828535413396264
2017-12-29,101.87425015158117,0.008119550373965658
2018-01-01,103.16440405007094,0.012664180561526803
2018-01-02,102.62442848826154,-0.005234126700788326
2018-01-03,102.96860589666235,0.0033537571265517345
2018-01-04,102.221310991732,-0.007257502404959591
2018-01-05,101.3177496045629,-0.008839266278263322
2018-01-08,101.47519340027479,0.0015539606468399343
2018-01-09,102.17345016355252,0.0068810587088355725
2018-01-10,101.54411133571405,-0.006159514304656102
2018-01-11,98.90761625766751,-0.025964037139781015
2018-01-12,99.66222381657933,0.007629418112210541
2018-01-15,97.81262312540481,-0.01855869375921765
2018-01-16,98.0145067635543,0.0020639834788055648
2018-01-17,100.16576001048709,0.021948314774693233
2018-01-18,100.20563053614003,0.0003980454563392501
2018-01-19,98.83511812169546,-0.013677000055902867
2018-01-22,97.16142954853493,-0.016934148559419108
2018-01-23,98.58441098667201,0.014645538304130028
2018-01-24,98.62351134389769,0.00039661805385198955
2018-01-25,99.32145631409745,0.0070768619033045365
2018-01-26,100.48506891058265,0.011715621575315588
2018-01-29,100.48627196545125,1.1972473937034759e-05
2018-01-30,100.17443785518965,-0.0031032508636485378
2018-01-31,99.09574224167774,-0.010768172366200417
2018-02-01,95.48964251435514,-0.03639005718861193
2018-02-02,93.80749640580385,-0.017616005927537263
2018-02-05,93.78544019202793,-0.0002351220810807626
2018-02-06,93.64446715197492,-0.0015031441955634375
2018-02-07,94.15414762358056,0.005442718476666415
2018-02-08,94.06750301695553,-0.0009202420584956205
2018-02-09,94.30382787819619,0.002512290149745547
2018-02-12,95.25191947471757,0.010053585499688801
2018-02-13,94.29744387574915,-0.010020539262956889
2018-02-14,94.02908327152721,-0.0028458947898475483
2018-02-15,92.27200373111884,-0.018686553981755467
2018-02-16,93.40461613692169,0.012274713455917652
2018-02-19,93.5037198404966,0.001061015051222353
2018-02-20,94.10942437498558,0.0064778656455831245
2018-02-21,95.90783644616968,0.019109797803227448
2018-02-22,97.20782402462062,0.013554550145447066
2018-02-23,97.1961574024652,-0.00012001731622418251
2018-02-26,98.17319495827114,0.01005222409935686
2018-02-27,96.54543926924116,-0.01658044937543148
2018-02-28,97.10607027000161,0.005806913356072568
2018-03-01,97.32620205017331,0.00226692089958568
2018-03-02,95.49459805267753,-0.01881922811034544
2018-03-05,97.0843768739374,0.016647840335250054
2018-03-06,96.32236877292516,-0.007848926115081374
2018-03-07,97.16988469855694,0.008798744636666361
2018-03-08,96.73852628277378,-0.004439219179083558
2018-03-09,97.9499358982088,0.012522514679353298
2018-03-12,99.5511373271452,0.016347141161995128
2018-03-13,98.61927957458467,-0.009360593736847658
2018-03-14,96.86732934250223,-0.017764784326552034
2018-03-15,96.77269765345086,-0.0009769205953514245
2018-03-16,97.81658470861923,0.010786999644327378
2018-03-19,97.43942880815851,-0.003855745951304802
2018-03-20,96.7805158144708,-0.006762283007477332
2018-03-21,97.40565862727898,0.006459387073391762
2018-03-22,94.23625288899775,-0.032538209616844685
2018-03-23,93.54111098214635,-0.007376586881804682
2018-03-26,92.04393352774726,-0.016005555618051674
2018-03-27,92.42478964338184,0.00413776444614651
2018-03-28,91.66367228723581,-0.008234991489650912
2018-03-29,90.4920261374962,-0.012782011897452317
2018-03-30,90.16209455512453,-0.003645974086936358
2018-04-02,88.62745446387534,-0.0170209010651468
2018-04-03,88.66667344891277,0.0004425150792685102
2018-04-04,87.99382921637499,-0.007588468207566906
2018-04-05,87.6480989587238,-0.00392902844131314
2018-04-06,86.94641832804547,-0.008005657156452241
2018-04-09,87.95040208067441,0.011547154810229701
2018-04-10,87.88828762088701,-0.0007062441821519718
2018-04-11,88.4942019551713,0.006894141991910907
2018-04-12,89.05679713359781,0.006357424170133916
2018-04-13,88.24871254874034,-0.009073811442435232
2018-04-16,88.90525474652796,0.007439680181453147
2018-04-17,89.33104883341599,0.004789301690906667
2018-04-18,89.72087012944037,0.004363782818125436
2018-04-19,89.34544935383423,-0.0041843193792539275
2018-04-20,88.9414176983811,-0.004522129088556483
2018-04-23,89.83319983196539,0.010026623778457292
2018-04-24,92.23924866976972,0.026783514806384336
2018-04-25,91.37574855588198,-0.00936152588340346
2018-04-26,92.01660126555707,0.007013378492687964
2018-04-27,91.66739547207028,-0.0037950303389166617
2018-04-30,92.58574503267837,0.010018279191622868
2018-05-01,93.12827524912075,0.005859759688177593
2018-05-02,94.36888418185022,0.013321506593038485
2018-05-03,91.26061687841671,-0.03293741714105498
2018-05-04,90.65711113632672,-0.006612992139796997
2018-05-07,89.63647319714235,-0.011258222619178483
2018-05-08,89.57409947297978,-0.0006958520559525485
2018-05-09,88.84976842693942,-0.00808638937262055
2018-05-10,88.21967192973871,-0.007091706690477591
2018-05-11,88.99444512846321,0.008782317841099816
2018-05-14,91.07897427416114,0.023423137732797993
2018-05-15,88.04732256062701,-0.03328596679633666
2018-05-16,87.77213945171553,-0.0031254000792812066
2018-05-17,88.15347828265826,0.004344645502830736
2018-05-18,88.21137723989261,0.000656797194646217
2018-05-21,87.89896597179214,-0.0035416210229987054
2018-05-22,86.52408456979757,-0.015641610646885094
2018-05-23,85.59723266804633,-0.010712068279711856
2018-05-24,86.39326841533342,0.009299783678453582
2018-05-25,87.56036799619537,0.013509149523677454
2018-05-28,87.71448256192602,0.0017600949979715568
2018-05-29,86.88697813020724,-0.00943406844057438
2018-05-30,87.03890276011991,0.0017485316347980737
2018-05-31,86.84041251500146,-0.002280477336272144
2018-06-01,87.46108312583083,0.007147255440802411
2018-06-04,87.63771860329278,0.0020195894122169767
2018-06-05,87.03639465906332,-0.006861474189571896
2018-06-06,87.28776244978452,0.0028880767833486215
2018-06-07,86.10476395690641,-0.013552856204312472
2018-06-08,87.00371000786153,0.010440143026290868
2018-06-11,88.29032284835226,0.014788022721956033
2018-06-12,87.09469098548797,-0.01354204882587089
2018-06-13,87.58699926371445,0.005652563579432314
2018-06-14,86.59769122290685,-0.011295147100871747
2018-06-15,87.76331453399867,0.013460212329350105
2018-06-18,88.76815388252582,0.01144942341640827
2018-06-19,88.57622490696528,-0.0021621377393353574
2018-06-20,89.68690030609142,0.012539204513318475
2018-06-21,89.27675369185867,-0.004573093872493677
2018-06-22,88.64144977989245,-0.007116117978023559
2018-06-25,88.08968877805991,-0.006224638735068424
2018-06-26,87.99365255064444,-0.0010902096346080753
2018-06-27,87.70495070167358,-0.0032809394837280534
2018-06-28,87.92001550520276,0.0024521398371307834
2018-06-29,87.32385603359148,-0.006780702530426602
2018-07-02,88.17756489824787,0.009776353260533612
2018-07-03,89.31079042564888,0.012851631009641675
2018-07-04,88.83294705046607,-0.00535034314336966
2018-07-05,87.36488513973748,-0.016526097123565925
2018-07-06,88.1761972954085,0.009286478822393586
2018-07-09,89.43382612567353,0.014262679371982067
2018-07-10,89.31228727933909,-0.001358980730217882
2018-07-11,87.98705327941816,-0.014838204689305988
2018-07-12,88.32150359634208,0.003801131012557172
2018-07-13,89.99042827817252,0.018896017548092982
2018-07-16,88.01820532754131,-0.02191591915236591
2018-07-17,88.5758101948799,0.006335108347910483
2018-07-18,88.295590480621,-0.0031636144636145503
2018-07-19,87.44194117030031,-0.00966808541257842
2018-07-20,88.01716875797162,0.006578394532104528
2018-07-23,86.69814711021525,-0.014985958607500734
2018-07-24,87.05910067164376,0.004163336512482275
2018-07-25,88.48330984864363,0.01635910738811198
2018-07-26,88.7240085350349,0.0027202721824375426
2018-07-27,87.84423287663418,-0.009915869142153616
2018-07-30,86.02131530777628,-0.020751704570269872
2018-07-31,84.74961934882171,-0.01478349818768228
2018-08-01,82.92795462468827,-0.021494665558740016
2018-08-02,84.56956234424838,0.019795589159163858
2018-08-03,84.36711854098995,-0.002393814011173091
2018-08-06,83.35960908136131,-0.011941968352743186
2018-08-07,82.11100679927205,-0.014978504528141284
2018-08-08,81.10868235598532,-0.012206943774748714
2018-08-09,80.83047029167179,-0.0034301144616364788
2018-08-10,79.63488034389842,-0.014791327372699389
2018-08-13,81.28457192839538,0.020715691131484894
2018-08-14,80.60432795102604,-0.008368672691892705
2018-08-15,79.89573572924338,-0.008790994724416969
2018-08-16,80.23873595537663,0.004293098035865494
2018-08-17,81.683595858605,0.01800701227436953
2018-08-20,83.03037150968031,0.01648771258070706
2018-08-21,82.5941438931791,-0.00525383192402499
2018-08-22,82.89686268560061,0.0036651362693829216
2018-08-23,83.09511429571856,0.002391545393820826
2018-08-24,83.67335108433348,0.006958733898085721
2018-08-27,83.98030305838104,0.003668455608264002
2018-08-28,83.07953531678042,-0.010725940593170074
2018-08-29,81.87303092195832,-0.01452228145260727
2018-08-30,82.09473216499309,0.002707866565317464
2018-08-31,80.9780420677148,-0.013602457402918072
2018-09-03,82.35132282383937,0.016958680662792724
2018-09-04,82.44019289126818,0.0010791577400512163
2018-09-05,81.47457662070615,-0.011712930752546955
2018-09-06,81.20900060593777,-0.0032596182242802304
2018-09-07,80.76335099045444,-0.0054876874750106565
2018-09-10,80.68461658864591,-0.0009748778479714183
2018-09-11,81.64881278001656,0.011950186195795002
2018-09-12,80.28257215774143,-0.01673313518907063
2018-09-13,78.53153533294049,-0.02181092082302057
2018-09-14,78.8972261784761,0.004656611436224123
2018-09-17,78.77671899641261,-0.0015273944078957814
2018-09-18,78.97828502331379,0.0025587004570520647
2018-09-19,79.44698627107375,0.0059345584374440085
2018-09-20,79.32204948738278,-0.0015725805289163331
2018-09-21,80.13083906378284,0.01019627684391477
2018-09-24,79.32023403427183,-0.010116018239441839
2018-09-25,79.42910352481354,0.0013725311311444518
2018-09-26,78.68492080713898,-0.009369144112801016
2018-09-27,77.66525330314748,-0.012958868021113632
2018-09-28,78.28544040036086,0.007985386911604192
2018-10-01,78.86699457455114,0.00742863770346253
2018-10-02,77.07641718134441,-0.022703760969541437
2018-10-03,76.08490685219141,-0.01286399089906048
2018-10-04,76.39714500292207,0.0041038119601993755
2018-10-05,77.42413536229431,0.013442784535115217
2018-10-08,76.85185301837278,-0.007391523860661968
2018-10-09,76.72845034992784,-0.001605721444549046
2018-10-10,75.47316066666414,-0.016360159465476202
2018-10-11,77.7924310141123,0.03072973659724511
2018-10-12,78.28263645227152,0.006301454161656099
2018-10-15,79.16999810601733,0.011335357289439628
2018-10-16,79.8426462382453,0.008496250452440323
2018-10-17,80.78470354425073,0.011798923888298861
2018-10-18,81.4226599307831,0.00789699483371785
2018-10-19,81.14401119189948,-0.0034222505027530917
2018-10-22,81.917164218342,0.009528158826337445
2018-10-23,82.04410954575926,0.0015496792232565768
2018-10-24,83.36985315246899,0.016158912736694512
2018-10-25,82.68400487736801,-0.008226574105230531
2018-10-26,82.19657217865081,-0.005895126868130418
2018-10-29,82.89802544322036,0.008533850572806896
2018-10-30,84.2207252157801,0.015955745212118698
2018-10-31,84.4179647620321,0.002341935975339118
2018-11-01,83.74681383375622,-0.007950332967251636
2018-11-02,83.67751581874295,-0.0008274704653342333
2018-11-05,83.22744048914875,-0.005378688948762782
2018-11-06,85.17180419519433,0.023362050960813754
2018-11-07,86.1414434343744,0.011384509795728569
2018-11-08,87.50017964298658,0.01577331600726333
2018-11-09,87.86930238103788,0.0042185369168083985
2018-11-12,87.33668468267076,-0.006061476351063579
2018-11-13,88.61871417715619,0.014679163734501193
2018-11-14,90.43073597744073,0.020447394403197594
2018-11-15,91.11651850927095,0.007583511561835565
2018-11-16,91.14467097806937,0.00030897217386072835
2018-11-19,92.38165777503761,0.013571685362338574
2018-11-20,92.02567630755448,-0.0038533782144286183
2018-11-21,92.92518008856923,0.0097744870465126
2018-11-22,92.18744609924373,-0.007939010595646426
2018-11-23,91.16929192987683,-0.01104439066758414
2018-11-26,91.84370204845737,0.0073973385589005
2018-11-27,92.27124940619449,0.004655162501088409
2018-11-28,94.43516489679078,0.023451676492103668
2018-11-29,94.17440251385234,-0.0027612847737750715
2018-11-30,94.25740506892795,0.0008813706576307637
2018-12-03,93.02458685040479,-0.013079271783703762
2018-12-04,90.99373333922502,-0.021831362868030144
2018-12-05,89.10381346055581,-0.020769780613611927
2018-12-06,89.65245189094169,0.006157294610390145
2018-12-07,88.44038040928766,-0.013519669078637865
2018-12-10,89.68928624924662,0.014121443555299353
2018-12-11,91.27384494261258,0.017667201509023765
2018-12-12,91.01601074785937,-0.0028248420444577163
2018-12-13,92.88193884909413,0.020501097399268756
2018-12-14,93.19090097002945,0.00332639611924216
2018-12-17,94.50484188348008,0.014099454987276126
2018-12-18,94.30558068369089,-0.00210847609305425
2018-12-19,95.44762596547744,0.012110049834877346
2018-12-20,94.42444591343465,-0.010719806194162114
2018-12-21,95.18665797046367,0.00807218988319804
2018-12-24,94.71923393383439,-0.004910604559457523
2018-12-25,94.62766718672167,-0.0009667175642137977
2018-12-26,95.40178043917368,0.008180622807962733
2018-12-27,95.65674555274045,0.002672540411646904
2018-12-28,95.62876599233114,-0.0002924996062497446
2018-12-31,96.52130272494686,0.009333349890631247
2019-01-01,97.5095336635425,0.010238474934510218
2019-01-02,95.94742268128357,-0.016020084637559637
2019-01-03,96.6485423906777,0.007307332388938767
2019-01-04,97.48474680350127,0.008652012665058181
2019-01-07,96.66386349486564,-0.00842063333549274
2019-01-08,97.16937777810612,0.0052296097524317416
2019-01-09,95.68358020127371,-0.015290800567081344
2019-01-10,97.39362654790949,0.01787188923155504
2019-01-11,97.1743105850924,-0.002251851282170009
2019-01-14,97.1410066788282,-0.00034272336035804057
2019-01-15,98.59508160888937,0.014968703534941622
2019-01-16,98.48535585146831,-0.001112892809971299
2019-01-17,99.25222718130837,0.007786653388312985
2019-01-18,98.06429675595726,-0.011968803714409951
2019-01-21,97.45266406000792,-0.006237057891430677
2019-01-22,95.8827514795347,-0.016109488597525784
2019-01-23,95.70074533949582,-0.0018982156564178532
2019-01-24,96.94221609402621,0.01297242513761303
2019-01-25,97.26050629887813,0.0032832982128569886
2019-01-28,98.35092608395958,0.011211331573070542
2019-01-29,97.19879494780145,-0.011714491993441803
2019-01-30,96.22693057622774,-0.009998728606621375
2019-01-31,95.74709325020832,-0.0049865180479731815
2019-02-01,96.4624078277065,0.007470875127549884
2019-02-04,96.93286883820414,0.00487714355355871
2019-02-05,96.97324431279297,0.0004165302757747692
2019-02-06,97.75596890971899,0.008071552132475774
2019-02-07,97.63702128716507,-0.0012167811733703672
2019-02-08,97.67038447899226,0.00034170636698423103
2019-02-11,99.25831134317988,0.01625801795148214
2019-02-12,98.61956183840023,-0.0064352243770419894
2019-02-13,98.89492477925135,0.002792173638961583
2019-02-14,100.86721966161943,0.019943337706869596
2019-02-15,101.05108612115546,0.0018228564260306997
2019-02-18,101.96849272850557,0.009078641730284533
2019-02-19,101.28732470380551,-0.006680181362626231
2019-02-20,103.72614568417427,0.024078244612547522
2019-02-21,100.98823446476501,-0.026395574629232362
2019-02-22,99.6741892463795,-0.013011864454804265
2019-02-25,98.47350103085182,-0.012046129741369198
2019-02-26,100.44667783019527,0.020037642398082794
2019-02-27,100.93181254046856,0.004829773574924877
2019-02-28,100.67464597430393,-0.0025479237882656052
2019-03-01,99.18656446412334,-0.014781095039166128
2019-03-04,99.67947690824514,0.00496954851480997
2019-03-05,99.87568652403665,0.001968405351606363
2019-03-06,99.10508239746385,-0.007715632837100453
2019-03-07,97.3907303896756,-0.01729832584077572
2019-03-08,96.16038426368131,-0.012633092708838752
2019-03-11,96.46434276634632,0.0031609534944403274
2019-03-12,96.88223878898948,0.004332129475607036
2019-03-13,97.02540391372291,0.0014777231257552216
2019-03-14,96.90712787789279,-0.001219021318739339
2019-03-15,94.90843352801568,-0.020624843534683558
2019-03-18,95.0209229752929,0.0011852418493876397
2019-03-19,93.90058645493285,-0.0117904192600967
2019-03-20,94.00401584660821,0.001101477590078935
2019-03-21,94.58501773536562,0.006180607110503299
2019-03-22,93.87474989324103,-0.007509306009878031
2019-03-25,92.77858880915767,-0.011676846919219165
2019-03-26,93.9404860444886,0.012523333780393258
2019-03-27,94.39342632142417,0.004821566249093899
2019-03-28,93.72894310425586,-0.007039507337149168
2019-03-29,90.41058293751257,-0.0354037937145225
2019-04-01,90.41153175622122,1.0494553600179477e-05
2019-04-02,91.14835484003837,0.008149658229481684
2019-04-03,92.42978064555123,0.01405868276790857
2019-04-04,91.73338581624495,-0.007534312257829799
2019-04-05,91.08057717403538,-0.007116369208449697
2019-04-08,90.651143116752,-0.004714880719989587
2019-04-09,91.61703666684475,0.010655061997936019
2019-04-10,90.38051667489938,-0.013496616316480954
2019-04-11,90.31232251531561,-0.0007545227897851624
2019-04-12,89.36323623389211,-0.010508934495207529
2019-04-15,89.70483452158184,0.003822581881386369
2019-04-16,88.08510462908855,-0.018056216268963775
2019-04-17,88.53556501706932,0.005113922380833594
2019-04-18,88.06103537521795,-0.005359762958082157
2019-04-19,87.87712345437048,-0.0020884596696354838
2019-04-22,88.48427094737079,0.006909050605366874
2019-04-23,89.75187552986411,0.014325761730548342
2019-04-24,87.978033462082,-0.019763844012283427
2019-04-25,89.09030990175856,0.012642660854154542
2019-04-26,89.74047958302194,0.00729787203546978
2019-04-29,89.47697436554836,-0.0029363027554338687
2019-04-30,91.03816809124088,0.017447994154500993
2019-05-01,91.2988834438897,0.0028638027117101374
2019-05-02,92.77073480617486,0.016121241649025526
2019-05-03,92.16647490035116,-0.006513475473554972
2019-05-06,91.2631847200741,-0.009800637175867745
2019-05-07,92.6591359308851,0.015295885357197697
2019-05-08,95.12120636415017,0.02657126476013712
2019-05-09,95.90171611044575,0.008205423124130503
2019-05-10,96.98485091608183,0.011294217137769142
2019-05-13,96.49151034116964,-0.0050867797419109914
2019-05-14,95.01499616025251,-0.015302011292978594
2019-05-15,94.81435976933798,-0.0021116286799205022
2019-05-16,96.57826957622488,0.01860382552999449
2019-05-17,94.48005777397705,-0.021725506280600777
2019-05-20,93.97516326422307,-0.005343926767718845
2019-05-21,91.87251757812567,-0.02237448292785134
2019-05-22,92.04700466839174,0.0018992305301495042
2019-05-23,93.06789189360336,0.011090933690775349
2019-05-24,91.73583121262543,-0.014312784504679219
2019-05-27,91.34020213732981,-0.00431269952063367
2019-05-28,92.84813415968783,0.01650896305321107
2019-05-29,92.80527545934959,-0.000461600017341541
2019-05-30,91.48085467364285,-0.014270964437650554
2019-05-31,90.09079140211735,-0.015195127729015396
2019-06-03,87.96683162532972,-0.023575769995264
2019-06-04,88.83590311410616,0.00987953610149348
2019-06-05,88.09381567897753,-0.008353463060711334
2019-06-06,89.25737349898336,0.013208166896141106
2019-06-07,90.23959262951125,0.011004347226720449
2019-06-10,89.57900659381035,-0.007320357023474208
2019-06-11,89.06523103498398,-0.005735446042129459
2019-06-12,89.95086100281954,0.009943610514945902
2019-06-13,90.16612531869802,0.0023931323555839005
2019-06-14,90.5100147501331,0.0038139537461498556
2019-06-17,88.77538270247658,-0.01916508413400704
2019-06-18,89.78498474985209,0.011372545143050748
2019-06-19,88.89576244601407,-0.00990390883637687
2019-06-20,86.52810805645531,-0.02663405233738368
2019-06-21,85.93944842162117,-0.006803103038495509
2019-06-24,86.42620558075562,0.0056639548900339265
2019-06-25,88.65302102675948,0.02576551210411682
2019-06-26,88.30958657342208,-0.003873917091147109
2019-06-27,86.9533827569495,-0.015357379295904913
2019-06-28,89.22127334835035,0.026081683305409997
2019-07-01,89.44636571753358,0.0025228553767035937
2019-07-02,89.21970222228991,-0.0025340716017401717
2019-07-03,88.12124323171626,-0.012311843272429339
2019-07-04,87.11245451160536,-0.011447735904704387
2019-07-05,88.71045165879234,0.018344072109391544
2019-07-08,88.47552069202739,-0.002648289602543844
2019-07-09,87.95761103922058,-0.005853705621124249
2019-07-10,87.47217708371039,-0.0055189533887378996
2019-07-11,89.17039602251914,0.01941438975714032
2019-07-12,88.59319924668377,-0.006472964140358905
2019-07-15,89.31416318757401,0.008137915178824853
2019-07-16,89.6529945782873,0.003793702797188956
2019-07-17,89.96419719245662,0.003471190400645904
2019-07-18,89.07112122826149,-0.009927015324603007
2019-07-19,89.82846187338994,0.008502650855686597
2019-07-22,91.6163702264893,0.019903584184925206
2019-07-23,91.61396955656019,-2.6203504059071642e-05
2019-07-24,90.65779921276905,-0.010436949172918741
2019-07-25,89.30731673747385,-0.014896484218921764
2019-07-26,89.56529075645886,0.0028886101207511723
2019-07-29,89.32670596430926,-0.0026638086041428193
2019-07-30,89.26842130920008,-0.0006524885752807471
2019-07-31,89.33465332122005,0.0007419422349877353
2019-08-01,87.80637397107468,-0.01710735188785195
2019-08-02,88.68249040115285,0.009977822684794926
2019-08-05,88.98505879959866,0.0034118166627611843
2019-08-06,88.95877319276879,-0.00029539348722653323
2019-08-07,89.25965723847811,0.003382286366037435
2019-08-08,90.30521939355894,0.01171371465484532
2019-08-09,90.41729681328806,0.0012410957027927565
2019-08-12,89.54903692930192,-0.009602807367478587
2019-08-13,90.8559870121566,0.014594797751834036
2019-08-14,90.43805981562706,-0.00459988615250663
2019-08-15,89.70500144137674,-0.008105640211043642
2019-08-16,88.07739836760898,-0.018143950143419935
2019-08-19,88.13861040252263,0.0006949800521829503
2019-08-20,87.08343925663216,-0.011971724322309764
2019-08-21,86.59319467311792,-0.005629596025364909
2019-08-22,87.11201340888852,0.005991449301865979
2019-08-23,87.19905909254818,0.0009992385694393008
2019-08-26,88.31481000826626,0.01279544673221633
2019-08-27,88.6911766018988,0.004261647549231155
2019-08-28,88.31452775719787,-0.004246745382481298
2019-08-29,88.0181059674795,-0.0033564329363037423
2019-08-30,87.53501968200712,-0.005488487626067104
2019-09-02,88.26650217026585,0.008356455403974526
2019-09-03,88.34219923026207,0.0008575966888343821
2019-09-04,87.95958518403367,-0.004331045067500668
2019-09-05,88.90418997493938,0.0107390773720608
2019-09-06,89.06025524891814,0.0017554321570529604
2019-09-09,88.61616305609456,-0.004986423984327862
2019-09-10,87.06105857157125,-0.01754876797745027
2019-09-11,87.57033635007703,0.005849662143575893
2019-09-12,87.87372409107982,0.003464503548210205
2019-09-13,87.98057631138204,0.0012159746432445489
2019-09-16,87.57509206560096,-0.004608792790194831
2019-09-17,86.7517261718141,-0.009401827327456145
2019-09-18,86.56777995690395,-0.002120375271217516
2019-09-19,86.86012912699245,0.0033771129424139024
2019-09-20,86.7789834836398,-0.0009342104849279868
2019-09-23,86.68035579234565,-0.0011365389099395615
2019-09-24,86.24538450109112,-0.005018106897213945
2019-09-25,86.64787958211262,0.004666859372821469
2019-09-26,86.94278679752337,0.0034035133558147036
2019-09-27,86.20995167568863,-0.008428935266837106
2019-09-30,87.0481859163652,0.009723172608075592
2019-10-01,87.92704885791325,0.010096280954004676
2019-10-02,88.8382497540606,0.010363146585527028
2019-10-03,88.75227630973477,-0.0009677525678842052
2019-10-04,88.59874057189909,-0.001729935774265267
2019-10-07,87.4194868618754,-0.013310050486177104
2019-10-08,88.26360267767804,0.009655922793694378
2019-10-09,86.05440751552561,-0.025029514943096014
2019-10-10,85.70231513847345,-0.004091508932748536
2019-10-11,85.40423520272071,-0.003478084988382259
2019-10-14,86.33297419101486,0.0108746244971298
2019-10-15,86.38413872513912,0.0005926418567609713
2019-10-16,85.43619115608377,-0.010973629916848235
2019-10-17,84.0246839865811,-0.016521185581927233
2019-10-18,83.33991606376344,-0.008149604263040193
2019-10-21,83.4965376473777,0.0018793105514341955
2019-10-22,83.60179011036149,0.00126056080826128
2019-10-23,83.4536886562741,-0.001771510560861088
2019-10-24,82.81844332743717,-0.007611950281231534
2019-10-25,82.65930205550565,-0.0019215680171906892
2019-10-28,83.69859029753425,0.012573155303570399
2019-10-29,82.64355772297583,-0.012605141506063133
2019-10-30,82.72650869588422,0.00100371977192027
2019-10-31,84.38292756845998,0.020022830634192742
2019-11-01,84.99486748281656,0.00725193984126848
2019-11-04,84.58083815095428,-0.0048712274531869226
2019-11-05,85.30245338451995,0.00853166330981223
2019-11-06,84.58384072942633,-0.00842429058698122
2019-11-07,84.64174448121986,0.00068457226929147
2019-11-08,86.27096452802657,0.019248422356987104
2019-11-11,88.28363448991836,0.023329633242224142
2019-11-12,86.5264762592829,-0.019903555633927945
2019-11-13,87.30528449050013,0.009000808363944821
2019-11-14,89.39915773662982,0.023983350588102508
2019-11-15,88.8677630522819,-0.005944068129963888
2019-11-18,89.19727472440862,0.003707887548973718
2019-11-19,90.86409407093151,0.018686886473525774
2019-11-20,90.38158300055846,-0.005310250163242472
2019-11-21,90.92606780256521,0.006024289284725194
2019-11-22,90.9160224655909,-0.00011047807539778449
2019-11-25,88.87001190927339,-0.02250440022375447
2019-11-26,89.29245163469992,0.004753456383665041
2019-11-27,89.14874097848394,-0.0016094379041567638
2019-11-28,90.19513104115525,0.011737575328448501
2019-11-29,92.5150081099363,0.025720646358643497
2019-12-02,93.32975983938279,0.008806697919523493
2019-12-03,92.97428840494894,-0.003808768339762186
2019-12-04,93.53230258095701,0.006001811743668803
2019-12-05,93.81489911471881,0.003021378988475319
2019-12-06,95.02283758386518,0.012875763663821465
2019-12-09,93.43923890019649,-0.016665453526064702
2019-12-10,92.18753341105561,-0.013395929845681146
2019-12-11,89.98036193765074,-0.023942190356295762
2019-12-12,90.68985839939755,0.00788501453504302
2019-12-13,90.72358776921814,0.00037191997446999576
2019-12-16,90.08111466463937,-0.0070816545109866355
2019-12-17,89.35119068869206,-0.008102963408753569
2019-12-18,88.79128978781418,-0.006266294792070822
2019-12-19,87.85598111862973,-0.010533788521594457
2019-12-20,87.56985006676904,-0.003256819265091759
2019-12-23,87.10305112518888,-0.005330589708949265
2019-12-24,88.60816493336569,0.017279690995136036
2019-12-25,89.00510188253244,0.004479688180714055
2019-12-26,88.18427274865502,-0.009222270594788404
2019-12-27,87.61930843668824,-0.006406633454664263
2019-12-30,88.93248381901104,0.014987283120040492
2019-12-31,89.46866916293456,0.006029128175647516
2020-01-01,89.83926549056338,0.004142191127867444
2020-01-02,90.67007750239168,0.009247760511973157
2020-01-03,92.45023568108277,0.019633358961716415
2020-01-06,91.15520840084669,-0.014007831031425546
2020-01-07,90.39423613081236,-0.008348094238214246
2020-01-08,88.56036885643901,-0.02028743593473705
2020-01-09,89.13942717526213,0.0065385716692507555
2020-01-10,88.78769897884851,-0.003945820694158811
2020-01-13,88.12514628092822,-0.0074622127337496125
2020-01-14,87.37196309895825,-0.008546745324756168
2020-01-15,88.14924837238907,0.008896278003396258
2020-01-16,88.05184675478324,-0.0011049625425545622
2020-01-17,87.54411625123963,-0.005766267514610931
2020-01-20,88.91543589055867,0.015664326719382827
2020-01-21,87.85264078263192,-0.011952875192951615
2020-01-22,86.57240381023857,-0.014572549680788218
2020-01-23,89.31984353757575,0.03173574495354662
2020-01-24,88.97928656926835,-0.003812780618722497
2020-01-27,88.45238190737085,-0.005921655277459674
2020-01-28,87.73334858156858,-0.008129044241626584
2020-01-29,87.64186553198527,-0.0010427397456309116
2020-01-30,88.5176643656308,0.009992927790039853
2020-01-31,89.37111243147272,0.009641556540812907
2020-02-03,90.0082116731352,0.007128693202190826
2020-02-04,89.76129861840327,-0.0027432280915499594
2020-02-05,88.21014389880385,-0.017280885453693814
2020-02-06,88.56258491022612,0.003995470314917502
2020-02-07,90.22982572374998,0.018825566295449653
2020-02-10,91.44173350675491,0.013431343497385522
2020-02-11,91.31196861887385,-0.001419099167356437
2020-02-12,92.24613125183406,0.010230451134607682
2020-02-13,91.87475718233206,-0.00402590400770458
2020-02-14,91.86908145311969,-6.177680775923172e-05
2020-02-17,90.56340324509436,-0.014212379043885538
2020-02-18,90.2749465203368,-0.0031851356554800122
2020-02-19,90.4813859578376,0.002286785486539186
2020-02-20,90.35213287310741,-0.0014285046958766247
2020-02-21,91.24115787790657,0.009839557479486713
2020-02-24,93.35832584566835,0.023204089218100868
2020-02-25,94.89497137981758,0.016459651779633194
2020-02-26,94.60464657889852,-0.003059432936198734
2020-02-27,93.83132963609441,-0.008174196202500329
2020-02-28,93.15274935378253,-0.007231915874406006
2020-03-02,92.11562504465508,-0.011133587750465518
2020-03-03,92.20849237289325,0.0010081604309057366
2020-03-04,92.72978607839417,0.005653424018612104
2020-03-05,92.98910251484284,0.0027964740070623726
2020-03-06,93.2609840579372,0.002923800055506095
2020-03-09,93.49398751624165,0.0024984023132299696
2020-03-10,93.4019287354024,-0.0009846492088408853
2020-03-11,92.6259198410697,-0.008308274837996557
2020-03-12,94.59845834343379,0.02129575075474148
2020-03-13,95.84435597640756,0.013170379885585521
2020-03-16,94.85724822305376,-0.010299070230038104
2020-03-17,93.88373788247229,-0.010262898817097217
2020-03-18,93.27957313008177,-0.006435243909300298
2020-03-19,93.37251175573432,0.0009963448859584727
2020-03-20,94.8392587891533,0.01570855282608279
2020-03-23,96.05113008316873,0.01277816074785728
2020-03-24,97.33946430135106,0.013413004272482768
2020-03-25,98.66853841087924,0.013654010930381918
2020-03-26,100.03774475412672,0.013876828067988354
2020-03-27,100.98212858038262,0.009440275053951161
2020-03-30,101.59347878883152,0.00605404359210223
2020-03-31,101.50929328224336,-0.0008286506928572645
2020-04-01,99.44609471458304,-0.020325218518896182
2020-04-02,99.35155469842944,-0.0009506659504823855
2020-04-03,101.55951709793116,0.022223732745841263
2020-04-06,100.96238816332891,-0.005879596040481973
2020-04-07,100.26490765800176,-0.006908320197406804
2020-04-08,101.54919948640153,0.012808986298380955
2020-04-09,101.7083776446531,0.0015674979128995643
2020-04-10,101.18349772342623,-0.005160636059506277
2020-04-13,103.13552547931845,0.019291957678986928
2020-04-14,103.96987849082866,0.008089870174535751
2020-04-15,104.97744384766732,0.009690935215698466
2020-04-16,104.32921811499898,-0.006174904902513984
2020-04-17,105.01409984016354,0.006564620511289856
2020-04-20,105.55155309600973,0.005117915181525194
2020-04-21,106.59914551741764,0.009924936115862064
2020-04-22,108.13311103147312,0.014390035741935984
2020-04-23,109.65918087965707,0.01411288211008527
2020-04-24,109.9493269854331,0.0026458897782067926
2020-04-27,110.9250164260509,0.008873991932184001
2020-04-28,109.46735782221047,-0.013140936560619682
2020-04-29,110.37849244883513,0.008323345376659751
2020-04-30,111.35112340986551,0.008811779717694689
2020-05-01,110.89834181736866,-0.004066250780696902
2020-05-04,109.93519258412277,-0.008684974161579784
2020-05-05,109.92363973536615,-0.00010508781114638944
2020-05-06,108.38894772264102,-0.013961437379801048
2020-05-07,108.89735348244683,0.0046905682773743206
2020-05-08,109.34779800919381,0.004136413901184357
2020-05-11,108.16872132688987,-0.01078281139419742
2020-05-12,108.29536648108245,0.001170811234884355
2020-05-13,109.7478837297746,0.013412552133021014
2020-05-14,111.21316307019163,0.013351322053962318
2020-05-15,112.628516500055,0.012726491997804994
2020-05-18,112.49287576731268,-0.0012043196248816353
2020-05-19,112.10392036526423,-0.00345760030931199
2020-05-20,111.64537557558154,-0.004090354629781283
2020-05-21,112.50640218903695,0.007712156540442698
2020-05-22,115.7491075712272,0.02882240760611786
2020-05-25,117.7700928331193,0.017460050485905317
2020-05-26,120.08183433114448,0.019629274652104695
2020-05-27,122.0990715095128,0.016798853795033333
2020-05-28,119.80932576916649,-0.01875317897210965
2020-05-29,119.59263490522015,-0.0018086310273027514
2020-06-01,119.04349755513978,-0.004591732179122673
2020-06-02,120.89997287136275,0.015594932561209857
2020-06-03,123.42202241907918,0.020860629558617744
2020-06-04,122.51277074392293,-0.007367013255291611
2020-06-05,122.64311504874904,0.0010639242263042797
2020-06-08,123.53670730364333,0.007286118381281374
2020-06-09,122.88672153142454,-0.0052614788462928466
2020-06-10,122.03360990775246,-0.006942260425215404
2020-06-11,121.11478580539992,-0.007529270854538412
2020-06-12,122.47353085629362,0.011218655442093304
2020-06-15,121.21089991494652,-0.010309418961952184
2020-06-16,122.9349806119205,0.01422380906489223
2020-06-17,123.13686630812889,0.0016422152198135751
2020-06-18,124.32144411812027,0.009620009388798204
2020-06-19,126.70101311721729,0.019140454939021993
2020-06-22,125.75998955043923,-0.007427119512513021
2020-06-23,124.60298025196604,-0.009200138315923881
2020-06-24,125.31581053175722,0.005720812442445083
2020-06-25,123.83963141396283,-0.0117796717870671
2020-06-26,122.82906160329406,-0.008160310226463043
2020-06-29,122.7355029309561,-0.0007616981772615104
2020-06-30,123.04016841842686,0.0024822930626857446
2020-07-01,121.27817517628209,-0.014320471637788238
2020-07-02,120.7948252869746,-0.003985464726896875
2020-07-03,121.71152551929984,0.007588903168222834
2020-07-06,123.7460469620528,0.0167159308378756
2020-07-07,120.91073208212542,-0.022912367300079044
2020-07-08,122.87496800634538,0.016245339767571764
2020-07-09,124.24616219683972,0.01115926386587965
2020-07-10,122.70639876684689,-0.012392845000342349
2020-07-13,120.62022830341239,-0.017001317652540815
2020-07-14,121.29532650365256,0.005596890419921893
2020-07-15,120.75913058832892,-0.004420581821077014
2020-07-16,121.02824104960635,0.002228489555749102
2020-07-17,122.34725504899299,0.01089839848904357
2020-07-20,121.87614112072785,-0.0038506293261462094
2020-07-21,122.18591805487655,0.002541735661304239
2020-07-22,122.95358612918926,0.006282786809916541
2020-07-23,124.33442403710156,0.011230562290891023
2020-07-24,127.02781207923522,0.021662448376565075
2020-07-27,129.6870103156532,0.020933984399883
2020-07-28,130.13866860794474,0.003482679500377272
2020-07-29,129.8494196967687,-0.0022226207957253656
2020-07-30,133.60993123475714,0.028960557134334326
2020-07-31,134.71275366310698,0.008254045325509185
2020-08-03,135.48158772318695,0.005707210632800948
2020-08-04,133.78121381158377,-0.012550590380423799
2020-08-05,135.1060069867339,0.009902684670031007
2020-08-06,133.93370574665255,-0.008676899467515646
2020-08-07,133.28194653140662,-0.004866282252197125
2020-08-10,131.23722674709649,-0.01534131093912492
2020-08-11,130.50341076778963,-0.005591523057104637
2020-08-12,130.6791259343934,0.0013464411816516695
2020-08-13,128.41708547959848,-0.01730988356878483
2020-08-14,127.12238292567896,-0.010082011666003907
2020-08-17,127.08074082728822,-0.00032757487259412843
2020-08-18,125.24126459269107,-0.01447486237979307
2020-08-19,123.44438932820397,-0.014347310132414349
2020-08-20,122.29282370969821,-0.009328618536433133
2020-08-21,120.31178561072906,-0.016199136129784648
2020-08-24,121.2669376610998,0.007938973272835926
2020-08-25,119.9013930019893,-0.011260650969242175
2020-08-26,121.07536270648659,0.009791126484058478
2020-08-27,122.48600777225568,0.011650967085589641
2020-08-28,120.80723503337451,-0.013705832767466775
2020-08-31,120.93882458046517,0.001089252204591001
2020-09-01,120.31995321091425,-0.005117226595328442
2020-09-02,118.75764464285395,-0.0129846174833668
2020-09-03,118.35411735615392,-0.003397905776201325
2020-09-04,118.08405210544042,-0.002281840773657332
2020-09-07,119.15841392411744,0.009098280415696523
2020-09-08,120.69072871193916,0.012859476199452765
2020-09-09,119.1758498778079,-0.012551741548821967
2020-09-10,118.6689649523221,-0.004253252030554174
2020-09-11,119.49293534206815,0.006943436222580112
2020-09-14,121.24777623578065,0.014685729233188382
2020-09-15,117.77899025704653,-0.02860906885408492
2020-09-16,119.65119872571466,0.015895945996668333
2020-09-17,119.48268791033865,-0.0014083504149615504
2020-09-18,121.74547679015886,0.0189382153966792
2020-09-21,121.2012795787376,-0.00446995835713263
2020-09-22,120.06886908091938,-0.009343222297274143
2020-09-23,120.20554939193558,0.001138349282894321
2020-09-24,121.96042418167451,0.014598949870584568
2020-09-25,122.07839841989863,0.0009673157421000369
2020-09-28,118.70621321533801,-0.027623111444841496
2020-09-29,119.74983553843637,0.00879164025900796
2020-09-30,117.51387074172264,-0.0186719654908925
2020-10-01,116.20752476282605,-0.011116525825004312
2020-10-02,114.66064182626792,-0.013311383576194718
2020-10-05,112.20534047804985,-0.021413636877580945
2020-10-06,110.5890288889043,-0.01440494349252252
2020-10-07,109.34709753255797,-0.01123014976100348
2020-10-08,108.61066999948892,-0.006734769826421626
2020-10-09,108.60642845803261,-3.905271421611586e-05
2020-10-12,108.23632081422734,-0.003407787633383872
2020-10-13,106.37846086785592,-0.017164847552053976
2020-10-14,106.21035278491685,-0.0015802830908400907
2020-10-15,107.51385524198255,0.012272838032139742
2020-10-16,108.80171304882688,0.01197852875748646
2020-10-19,109.0427988659913,0.002215827402057811
2020-10-20,109.91870098970394,0.008032645280768056
2020-10-21,111.16156414776084,0.011307112864928448
2020-10-22,113.04462225347248,0.016939830958195217
2020-10-23,115.41374433614426,0.020957406336054304
2020-10-26,115.03941853685623,-0.0032433381434866264
2020-10-27,114.73342673776156,-0.0026598865239972837
2020-10-28,116.83001806557425,0.018273587632004727
2020-10-29,119.08867539816345,0.01933285100856069
2020-10-30,121.36182610559698,0.019087883040376678
2020-11-02,118.02162010317545,-0.027522707177421776
2020-11-03,117.78129590112334,-0.0020362726917493583
2020-11-04,113.2506990375919,-0.03846618284226431
2020-11-05,114.31063849508888,0.009359231037904214
2020-11-06,114.45551445072758,0.0012673882111586777
2020-11-09,114.59585452849808,0.0012261539205339358
2020-11-10,114.47526107683309,-0.0010523369467522786
2020-11-11,116.3343916105266,0.01624045681315967
2020-11-12,115.99501155865424,-0.0029172804978303407
2020-11-13,117.50264165907235,0.012997370146868453
2020-11-16,118.3537339988522,0.0072431762193846064
2020-11-17,118.93151207352587,0.004881789996412505
2020-11-18,119.66307716178382,0.006151145945287288
2020-11-19,119.89384475510533,0.001928477846257676
2020-11-20,118.39220953972004,-0.012524706488915495
2020-11-23,119.48078267951824,0.00919463488375039
2020-11-24,120.57521956271441,0.00915994069215103
2020-11-25,120.43937811095255,-0.0011266116889898036
2020-11-26,121.56771702994033,0.009368521630428294
2020-11-27,122.95202657812149,0.011387147690206587
2020-11-30,121.13499646235219,-0.014778366541317593
2020-12-01,121.00106646386557,-0.0011056259743091193
2020-12-02,120.43006447557767,-0.00471898310465232
2020-12-03,119.19422066198045,-0.010261921049189729
2020-12-04,119.72675336515923,0.004467772851915097
2020-12-07,118.58717840058442,-0.009518131349466883
2020-12-08,118.04018479029521,-0.004612586433598123
2020-12-09,118.45861200083671,0.003544786136050695
2020-12-10,119.02700027451864,0.004798201364016695
2020-12-11,119.55768861980799,0.004458554311756213
2020-12-14,122.83439408602545,0.027406898745235372
2020-12-15,122.16565339982238,-0.005444246224186511
2020-12-16,122.60572267099526,0.003602234007070901
2020-12-17,120.90516561179784,-0.013870127936529933
2020-12-18,121.67608959888707,0.006376270055859418
2020-12-21,123.43326796207207,0.014441443417335624
2020-12-22,125.30529654801498,0.015166321177837864
2020-12-23,124.42443287750734,-0.007029740120922186
2020-12-24,124.08182137941633,-0.002753570903781504
2020-12-25,126.03594364744082,0.01574865879869055
2020-12-28,125.97034747012654,-0.000520456112882873
2020-12-29,127.49510425537723,0.01210409287481156
2020-12-30,126.08385247994336,-0.011069066405931003
2020-12-31,128.25254943244067,0.017200433757703373
2021-01-01,129.91046687546353,0.01292697455418748
2021-01-04,130.71182560096642,0.006168546267107918
2021-01-05,129.53771565659164,-0.008982430923725714
2021-01-06,129.36717591934976,-0.0013165257421552507
2021-01-07,129.679614660105,0.002415131493246891
2021-01-08,130.16733252729594,0.003760944759662351
2021-01-11,130.08176747364172,-0.0006573466014315284
2021-01-12,129.81883932234066,-0.002021252911975804
2021-01-13,130.19654305784147,0.0029094678204830684
2021-01-14,132.4550259960548,0.017346719699077973
2021-01-15,129.34305170134976,-0.023494573130035088
2021-01-18,127.2913512709723,-0.015862471183336536
2021-01-19,125.00793789372463,-0.017938480143767546
2021-01-20,124.05241079131531,-0.007643731418253228
2021-01-21,121.53624061395163,-0.020283121958802174
2021-01-22,122.41585161206496,0.0072374379334911206
2021-01-25,122.6299135408536,0.0017486455060329912
2021-01-26,122.33004327886051,-0.0024453271908503557
2021-01-27,121.40296285411712,-0.007578517916731628
2021-01-28,121.70432054756506,0.002482292741158809
2021-01-29,122.03766818509443,0.0027389959208480893
2021-02-01,122.5945450629609,0.004563155672737367
2021-02-02,121.59562284269386,-0.008148178369225382
2021-02-03,122.6160239509076,0.008391758554778212
2021-02-04,120.52877585822985,-0.017022637216759125
2021-02-05,122.40820935225284,0.015593234732871036
2021-02-08,117.96226357692727,-0.03632065037837058
2021-02-09,117.1926988293215,-0.006523821468582619
2021-02-10,115.57221627368271,-0.013827504373790806
2021-02-11,116.73682922562104,0.01007692843044939
2021-02-12,114.72640694687095,-0.017221833864139644
2021-02-15,117.30340566553978,0.02246212347487041
2021-02-16,115.19956512504668,-0.01793503375760179
2021-02-17,118.07281727987862,0.024941519108280356
2021-02-18,118.7784298328543,0.005976079585728014
2021-02-19,118.89348217830714,0.0009686299576004813
2021-02-22,119.58656384077479,0.0058294336221745855
2021-02-23,122.80475113288918,0.026910943744476935
2021-02-24,124.19452766587526,0.011316960623796942
2021-02-25,120.94056026460589,-0.02620056988359123
2021-02-26,122.74628684714789,0.014930694703176858
2021-03-01,123.16133136249685,0.0033813203316351522
2021-03-02,120.84537229202063,-0.018804271152767445
2021-03-03,122.02068939990232,0.00972579326448319
2021-03-04,120.32053961413659,-0.013933291101099865
2021-03-05,120.65434695711309,0.0027743172034218337
2021-03-08,121.06444085494302,0.0033989152332463053
2021-03-09,120.1951043471231,-0.007180774979678268
2021-03-10,121.20123142746776,0.008370782535692584
2021-03-11,119.788119370977,-0.011659221938981926
2021-03-12,120.13480848718213,0.0028941861515618633
2021-03-15,119.41787012068433,-0.005967782156778386
2021-03-16,119.22775836321581,-0.0015919875080369745
2021-03-17,122.0504386723269,0.02367469075877506
2021-03-18,122.28776981635576,0.0019445333143458458
2021-03-19,120.76547422906621,-0.012448469618635058
2021-03-22,120.66804523052687,-0.0008067620250017843
2021-03-23,119.62653991563626,-0.008631160908431895
2021-03-24,119.7363394917774,0.0009178529799370894
2021-03-25,120.0408413898173,0.0025431034498998007
2021-03-26,120.2352808756709,0.001619777765653601
2021-03-29,120.42834590067193,0.0016057269014130666
2021-03-30,119.71378247798488,-0.005933515214735346
2021-03-31,120.43091991742027,0.005990433386960006
2021-04-01,122.0312409447623,0.013288290319789656
2021-04-02,121.19588169846374,-0.006845453998756677
2021-04-05,121.18366472454427,-0.00010080354008946241
2021-04-06,121.34464224688007,0.0013283764169180821
2021-04-07,123.24307811939406,0.01564499130214215
2021-04-08,124.91327432956265,0.013552048809999292
2021-04-09,123.8939099469028,-0.008160576913310555
2021-04-12,124.0758176973168,0.0014682541740104128
2021-04-13,121.92585830902739,-0.01732778738185904
2021-04-14,120.58639467395624,-0.010985886453029633
2021-04-15,120.68048582929215,0.0007802800273640606
2021-04-16,121.6651486613438,0.00815925478991282
2021-04-19,123.13154748184809,0.012052743424380357
2021-04-20,122.74619652933768,-0.003129587505324137
2021-04-21,120.82701925810571,-0.01563532985540019
2021-04-22,121.47497191459243,0.0053626470342911505
2021-04-23,121.29561570234796,-0.00147648696202688
2021-04-26,121.98548710457864,0.005687521335672851
2021-04-27,122.29307229394476,0.0025214900285837963
2021-04-28,123.41679149485753,0.009188739638593634
2021-04-29,124.46034851913085,0.008455551401340645
2021-04-30,125.79496022124378,0.010723187890702422
2021-05-03,125.17731852790641,-0.004909908093703416
2021-05-04,126.74779029548468,0.01254597706714854
2021-05-05,126.0587454835131,-0.005436345756917882
2021-05-06,126.26286655306768,0.0016192535374807606
2021-05-07,129.15770762540106,0.022927097660313922
2021-05-10,129.78820772169584,0.0048816296594813985
2021-05-11,128.0498795687466,-0.013393575452376532
2021-05-12,130.41689899904375,0.018485135935066278
2021-05-13,132.06029626416114,0.012601106741001624
2021-05-14,133.9468677889816,0.014285682965959197
2021-05-17,134.34421998116872,0.002966491107601739
2021-05-18,134.98234067053363,0.00474989314355588
2021-05-19,134.68591351442777,-0.0021960439760737114
2021-05-20,133.63547281194934,-0.007799187569573906
2021-05-21,136.16919343710074,0.01895994058940332
2021-05-24,135.64898239585042,-0.0038203284320004367
2021-05-25,134.94789714856495,-0.005168378228150405
2021-05-26,134.3106810665164,-0.00472194154568441
2021-05-27,137.39285857217484,0.022948119101056638
2021-05-28,138.92308967352196,0.01113763202286989
2021-05-31,138.39310542610514,-0.003814947167258744
2021-06-01,138.40037530731433,5.253066030141355e-05
2021-06-02,139.33117424445038,0.006725407608680474
2021-06-03,140.88354782916562,0.011141609859625992
2021-06-04,138.24537905620625,-0.018725882571884078
2021-06-07,139.827653388237,0.011445404850656428
2021-06-08,139.54571674078102,-0.0020163153755657364
2021-06-09,138.48064544065596,-0.007632418428890399
2021-06-10,137.91511911393812,-0.004083793261637941
2021-06-11,139.30849330545968,0.010103128652417085
2021-06-14,142.33165313857276,0.02170118821459253
2021-06-15,142.66969598342544,0.002375036314118811
2021-06-16,143.7087372457624,0.007282844861866517
2021-06-17,142.391173409412,-0.009168293185244376
2021-06-18,143.31616571206757,0.006496135122055404
2021-06-21,144.81693907191692,0.010471766059277028
2021-06-22,142.3179240329939,-0.017256372458487095
2021-06-23,141.52735932922772,-0.005554920148939862
2021-06-24,142.95531153909326,0.01008958420925358
2021-06-25,140.02375466573068,-0.020506806230567495
2021-06-28,139.4795104274586,-0.0038867993475202502
2021-06-29,140.56861798938996,0.007808369549001165
2021-06-30,137.8012815679852,-0.019686729947175317
2021-07-01,137.22805014330964,-0.004159841027260302
2021-07-02,137.4006910340358,0.001258058323687167
2021-07-05,138.95121998524664,0.011284724549360366
2021-07-06,136.90240682930926,-0.014744837477173152
2021-07-07,138.80728396189602,0.013914124497181175
2021-07-08,139.3997273323182,0.004268100012567342
2021-07-09,141.48544720594535,0.014962151745497717
2021-07-12,143.54528349895796,0.014558644254163557
2021-07-13,144.2184374815458,0.0046894886838461354
2021-07-14,145.14561481580694,0.00642897919608762
2021-07-15,142.20302432324408,-0.020273368205419615
2021-07-16,139.98441847061787,-0.015601678397381007
2021-07-19,138.37967323160456,-0.011463741868886237
2021-07-20,137.88481236967215,-0.0035761094846941243
2021-07-21,139.51169707371048,0.011798868026716442
2021-07-22,136.60971748677883,-0.020800976891553413
2021-07-23,136.1671719273906,-0.003239488138397337
2021-07-26,134.08997234670488,-0.015254775077456817
2021-07-27,131.663958689763,-0.01809243162992937
2021-07-28,134.07642207883612,0.01832288359761044
2021-07-29,134.31539863110854,0.0017823905841691367
2021-07-30,137.0315017707984,0.020221829867396797
2021-08-02,139.06086679410816,0.014809478091425436
2021-08-03,137.60674144916766,-0.010456754502281885
2021-08-04,134.62670310043538,-0.021656194437487657
2021-08-05,138.05174789518662,0.025441050815870257
2021-08-06,137.46360893585194,-0.004260278977280519
2021-08-09,135.65808275887304,-0.013134575695749938
2021-08-10,136.86463139324457,0.008894041621656612
2021-08-11,137.17092443932663,0.0022379269425861145
2021-08-12,136.1480688058152,-0.007456796239379811
2021-08-13,135.6646009657066,-0.0035510444206017806
2021-08-16,136.00863357734087,0.0025359055286739724
2021-08-17,136.2109372686031,0.0014874327161531083
2021-08-18,137.52757055726988,0.009666134857221032
2021-08-19,137.0267528922917,-0.003641580106074835
2021-08-20,136.54471683173423,-0.0035178244421829614
2021-08-23,137.6107995533403,0.007807572100499863
2021-08-24,138.21014233913294,0.004355347020277394
2021-08-25,140.10791887087015,0.013731094546451992
2021-08-26,139.7718152131431,-0.0023988912292446695
2021-08-27,139.69074630688448,-0.0005800089677236083
2021-08-30,137.83677734859003,-0.013271952561707098
2021-08-31,140.39922754162092,0.018590467960161648
2021-09-01,138.13524521606755,-0.01612531895791403
2021-09-02,138.55306142765443,0.0030246893972161047
2021-09-03,137.15318762084013,-0.010103521296389757
2021-09-06,137.79075028815447,0.0046485442910514105
2021-09-07,139.1042279537989,0.009532408110831926
2021-09-08,136.45130406477983,-0.01907148278699469
2021-09-09,136.18777208406647,-0.0019313262157482896
2021-09-10,133.3985771334456,-0.02048050943148663
2021-09-13,135.72656474832883,0.01745136766004932
2021-09-14,135.0862443813587,-0.004717723226528364
2021-09-15,132.61168503806658,-0.01831836657110899
2021-09-16,131.57423987104693,-0.007823180639940239
2021-09-17,133.7236185773531,0.016335862615757608
2021-09-20,136.190906777974,0.018450653870046626
2021-09-21,138.34917363176768,0.01584736385750197
2021-09-22,137.13000819660468,-0.008812235036603394
2021-09-23,136.9617018435787,-0.0012273488147441529
2021-09-24,139.73065694812993,0.0202170027626671
2021-09-27,138.58779625124845,-0.008179026148182654
2021-09-28,138.11432624100857,-0.0034163903536031954
2021-09-29,136.61630782074752,-0.010846220381562759
2021-09-30,134.78990082288638,-0.01336887979916392
2021-10-01,136.82181143581406,0.015074650255864495
2021-10-04,137.93939480553757,0.008168166741804973
2021-10-05,138.7664151015147,0.0059955337425035135
2021-10-06,139.81491857208457,0.007555887855161756
2021-10-07,141.61234900573731,0.01285578428975774
2021-10-08,144.2639489888973,0.018724355621362942
2021-10-11,144.33804778582981,0.0005136334992341814
2021-10-12,143.83429111698,-0.003490116962072759
2021-10-13,142.15347037509477,-0.011685813784963363
2021-10-14,144.08500641845674,0.013587681245243637
2021-10-15,143.28107752962427,-0.005579545775204879
2021-10-18,140.79726470514095,-0.017335246686498273
2021-10-19,140.4275969016475,-0.002625532564624986
2021-10-20,140.55287417017627,0.000892112884453315
2021-10-21,142.04134270294452,0.010590096727343122
2021-10-22,143.83744946624853,0.012644957651943971
2021-10-25,142.6620100540639,-0.008171998436752297
2021-10-26,141.37768313129635,-0.009002585357382966
2021-10-27,140.90581884724355,-0.003337615057778037
2021-10-28,138.94201034685995,-0.0139370291195183
2021-10-29,138.8424832708407,-0.0007163209728345397
2021-11-01,139.69419386414307,0.006134365888868159
2021-11-02,139.84996779503265,0.0011151066954226741
2021-11-03,137.22637814843787,-0.01876003039514441
2021-11-04,135.34570862372343,-0.013704868918715633
2021-11-05,137.51535899552218,0.016030433427561712
2021-11-08,135.92565886749298,-0.011560164185594359
2021-11-09,137.21174994827567,0.009461724088727473
2021-11-10,138.33463980708117,0.00818362756271822
2021-11-11,137.88303301359923,-0.003264596590642419
2021-11-12,136.31618863202465,-0.011363576412045169
2021-11-15,136.74218968506392,0.0031250950992271517
2021-11-16,135.37019209147047,-0.010033462216404089
2021-11-17,135.16585046833842,-0.0015095023503695101
2021-11-18,135.41894331137664,0.001872461440232489
2021-11-19,134.335254070531,-0.008002493701002082
2021-11-22,134.05009817373187,-0.0021227182601627945
2021-11-23,133.63441109756204,-0.003100983004362204
2021-11-24,131.73334068512085,-0.014225904816187537
2021-11-25,131.51111140785878,-0.0016869630429646194
2021-11-26,130.5843575414898,-0.0070469624691621505
2021-11-29,127.80419861689778,-0.021290137478439553
2021-11-30,127.36291161686445,-0.0034528364858818494
2021-12-01,127.0068838645153,-0.0027953801293438027
2021-12-02,126.16117841289343,-0.006658737116360049
2021-12-03,123.11562172414793,-0.024140204832093205
2021-12-06,124.33605343395604,0.009912890766556067
2021-12-07,125.43056158050956,0.008802821999935078
2021-12-08,126.48492991380364,0.00840599228775132
2021-12-09,127.0538631327967,0.0044980316578487
2021-12-10,125.2138427525388,-0.014482207269327379
2021-12-13,125.47362108095389,0.002074677389531968
2021-12-14,124.15220917138149,-0.010531392161862095
2021-12-15,127.48572194926075,0.026850209111282244
2021-12-16,126.76576254424242,-0.0056473728509367944
2021-12-17,127.85734366283594,0.008611008971862948
2021-12-20,125.55208917490283,-0.018029895052505882
2021-12-21,123.8501665717349,-0.013555510022593312
2021-12-22,123.1271570802834,-0.005837775688680509
2021-12-23,124.23902638265503,0.009030252372729317
2021-12-24,125.13003429694118,0.007171723251773162
2021-12-27,125.63780261472452,0.0040579251866773225
2021-12-28,122.91800320505236,-0.02164793838374088
2021-12-29,124.6605751992939,0.014176702751464144
2021-12-30,123.34986743455828,-0.010514212393454828
2021-12-31,125.81499524236109,0.019984843592237043
2022-01-03,128.70799643981243,0.022994088994546805
2022-01-04,130.06125223547033,0.010514154777405285
2022-01-05,131.68195160939,0.012461046976431332
2022-01-06,129.76788048370554,-0.014535561649042085
2022-01-07,133.86494979959653,0.03157229123739475
2022-01-10,134.29522345721762,0.0032142368727979685
2022-01-11,135.98699485631772,0.012597405593051772
2022-01-12,134.6681826890229,-0.009698075677665167
2022-01-13,134.64393582605274,-0.0001800489357322232
2022-01-14,132.807085432038,-0.01364228089995654
2022-01-17,132.50451330534497,-0.0022782830126023322
2022-01-18,132.60861295923627,0.0007856310045185607
2022-01-19,133.0952583070155,0.0036697868782387785
2022-01-20,135.40448275917927,0.01735016319542328
2022-01-21,136.26701981511187,0.006370077551026542
2022-01-24,136.74732882517688,0.003524763443984583
2022-01-25,136.8926240573353,0.001062508740804598
2022-01-26,140.27727020979106,0.024724824845480158
2022-01-27,139.3866771272654,-0.006348805342403333
2022-01-28,141.45775005446453,0.014858471195982298
2022-01-31,138.21338622207747,-0.022935214444863582
2022-02-01,136.8404378460975,-0.009933541269106486
2022-02-02,137.59661910536653,0.005526007305819175
2022-02-03,137.41326643679483,-0.0013325375998613593
2022-02-04,142.4546870878534,0.03668801988181717
2022-02-07,146.94962695427,0.0315534712005969
2022-02-08,144.3589555645446,-0.01762965611700113
2022-02-09,142.5905698747529,-0.01224992022750567
2022-02-10,142.43307190882112,-0.0011045468579732403
2022-02-11,145.49296587624465,0.0214830300745204
2022-02-14,147.56496716345225,0.014241247160842378
2022-02-15,148.23322152348717,0.004528543412981903
2022-02-16,145.80630256191887,-0.01637230127379899
2022-02-17,144.41671621948643,-0.00953035855114926
2022-02-18,139.85264813171173,-0.031603461200697576
2022-02-21,137.3608194323154,-0.017817529611949653
2022-02-22,138.1499145631695,0.005744688580887002
2022-02-23,139.54598076757495,0.010105443849312615
2022-02-24,137.4515889307324,-0.01500861454641914
2022-02-25,137.7181796935316,0.0019395247801284854
2022-02-28,140.4948819221892,0.02016220541715472
2022-03-01,140.86157250320494,0.0026099924495386843
2022-03-02,140.43569519905276,-0.0030233746264794175
2022-03-03,141.55889876931047,0.007997992025216201
2022-03-04,142.54828770419874,0.00698923870904513
2022-03-07,142.7802013625116,0.0016269129713721896
2022-03-08,141.95709989234103,-0.005764815165659696
2022-03-09,141.32799199036947,-0.004431676206746041
2022-03-10,141.57464563588354,0.001745256845727192
2022-03-11,140.7351331786071,-0.0059298220631650665
2022-03-14,143.07970367428163,0.016659454130043286
2022-03-15,144.70765360220747,0.011377923535764788
2022-03-16,146.69225725704536,0.013714572833123688
2022-03-17,150.35884045818065,0.024995069744618004
2022-03-18,153.30777113945203,0.019612619200076807
2022-03-21,156.01836628844254,0.01768074200573228
2022-03-22,156.81614543690142,0.005113366890305589
2022-03-23,156.55649860892106,-0.0016557404038783936
2022-03-24,160.9821171533669,0.028268507431946595
2022-03-25,159.7861583176506,-0.007429140931081664
2022-03-28,158.7028844711687,-0.006779522443542284
2022-03-29,157.1508180668597,-0.009779698771580553
2022-03-30,157.65975247652116,0.003238509451760941
2022-03-31,158.55399625958074,0.005671985202391791
2022-04-01,160.6166707361509,0.01300928721590324
2022-04-04,160.28754277192448,-0.0020491519511513677
2022-04-05,157.05617384060724,-0.020159825744631977
2022-04-06,157.7585033746803,0.004471836521280873
2022-04-07,159.7047571505943,0.012336918354832596
2022-04-08,159.86932472264508,0.0010304487792782585
2022-04-11,159.71702367537196,-0.0009526596020676645
2022-04-12,160.89882228532636,0.0073993277783363474
2022-04-13,163.7693595209388,0.017840635467934095
2022-04-14,163.7456313149934,-0.00014488794494164838
2022-04-15,161.06120854841708,-0.01639385884691091
2022-04-18,160.0746135541611,-0.006125590408440312
2022-04-19,159.8595640694434,-0.0013434327901403007
2022-04-20,156.50779363261856,-0.020966968453440954
2022-04-21,158.05331371723787,0.009875035924710637
2022-04-22,156.698729305268,-0.008570427155948562
2022-04-25,157.7537360997993,0.006732708039233826
2022-04-26,158.22228272629488,0.0029701142938330614
2022-04-27,157.73156475769852,-0.0031014466492386996
2022-04-28,160.91241423698563,0.02016622027539886
2022-04-29,159.92918063642816,-0.006110365102778243
2022-05-02,158.73844009839385,-0.007445423863836665
2022-05-03,159.3952537416973,0.004137710077636725
2022-05-04,161.09975133819174,0.010693527921832629
2022-05-05,161.19559625927667,0.0005949414588713005
2022-05-06,159.39506904736402,-0.01116982878996627
2022-05-09,160.8156673221112,0.008912435517845513
2022-05-10,162.07984289611895,0.007861022467889455
2022-05-11,166.21488631748377,0.02551238542361545
2022-05-12,165.87662005234304,-0.0020351141383004737
2022-05-13,166.4029447365271,0.003172988960216113
2022-05-16,165.37235656719773,-0.006193328915910352
2022-05-17,162.5204965277955,-0.017245083148122065
2022-05-18,162.7658985602537,0.0015099758965862495
2022-05-19,164.52629931264389,0.010815537947210088
2022-05-20,162.6258869133677,-0.011550812284818258
2022-05-23,161.40757362202405,-0.007491508974783746
2022-05-24,159.2288120256847,-0.013498509068982477
2022-05-25,161.88756005148252,0.01669765661109734
2022-05-26,160.75584143402364,-0.006990769501368532
2022-05-27,161.9716372261561,0.00756299603975167
2022-05-30,160.38871352455473,-0.00977284497897108
2022-05-31,160.1108520615583,-0.0017324252866078404
2022-06-01,156.46713542293,-0.022757462044030497
2022-06-02,144.82218117040472,-0.07442428226891884
2022-06-03,144.58128448599473,-0.0016633963282637432
2022-06-06,146.2922231368266,0.01183374913920903
2022-06-07,136.56180338358843,-0.06651358181998063
2022-06-08,135.30085242745656,-0.009233555246703825
2022-06-09,133.00408130282298,-0.016975289389732546
2022-06-10,128.16979647274317,-0.036346890882792776
2022-06-13,126.69082830593074,-0.011539131741751373
2022-06-14,118.81195003603456,-0.062189807859416635
2022-06-15,119.22997790895835,0.003518399224968648
2022-06-16,122.99537613153073,0.03158096888558992
2022-06-17,117.84801317323503,-0.041850052580766364
2022-06-20,117.14533774977494,-0.005962556385462043
2022-06-21,121.68589312952561,0.038760017828873394
2022-06-22,121.64596941362738,-0.0003280882842822998
2022-06-23,119.26689673632869,-0.019557348992051176
2022-06-24,115.53179124645432,-0.03131720194021493
2022-06-27,115.68614394372399,0.001336019251535727
2022-06-28,114.76300227920557,-0.007979708140047316
2022-06-29,116.47838872044672,0.014947207786249722
2022-06-30,110.70005236790982,-0.04960865630108573
2022-07-01,113.83412412798097,0.028311384620263013
2022-07-04,112.00054479200541,-0.016107466456315847
2022-07-05,113.71165808086118,0.015277722907807927
2022-07-06,110.79228782516007,-0.025673447252216857
2022-07-07,106.03494315919248,-0.042939312467986074
2022-07-08,103.8070944388765,-0.021010514590188153
2022-07-11,100.41975553504474,-0.032631092529290376
2022-07-12,98.8893406610252,-0.01524017725262689
2022-07-13,100.41585950115841,0.015436636850131663
2022-07-14,103.2639787062575,0.02836324081920791
2022-07-15,103.48163670411364,0.0021077824095397015
2022-07-18,101.38971082967547,-0.02021543088286902
2022-07-19,99.61136242517985,-0.01753973248314178
2022-07-20,100.98270197559326,0.01376689884593691
2022-07-21,104.02102781315604,0.030087587063149904
2022-07-22,102.59675683617327,-0.013692144818459775
2022-07-25,101.80003986305813,-0.007765518108796924
2022-07-26,99.09740803083083,-0.026548435893177357
2022-07-27,99.31589332156197,0.0022047528292886403
2022-07-28,101.76954272621623,0.02470550606346462
2022-07-29,92.49101713788569,-0.09117192963411387
2022-08-01,92.82992085822382,0.003664179839571685
2022-08-02,90.92496786808073,-0.020520894260509577
2022-08-03,84.21138521542534,-0.07383651388687709
2022-08-04,84.66694958494358,0.005409771711424068
2022-08-05,84.1009250931033,-0.0066853063044676805
2022-08-08,84.6963883845194,0.007080341753160083
2022-08-09,80.88668084863873,-0.04498075547902572
2022-08-10,85.74912458462308,0.060114269555494745
2022-08-11,85.69080874922003,-0.0006800749941826205
2022-08-12,84.46605271580493,-0.014292735140351235
2022-08-15,87.99042801941185,0.04172534634079622
2022-08-16,89.36030320401396,0.01556845688146773
2022-08-17,91.23564403758996,0.020986285479521003
2022-08-18,94.05452208699131,0.030896675078436974
2022-08-19,87.83300375440774,-0.06614799793282959
2022-08-22,91.8803418382128,0.04607992338645188
2022-08-23,90.55548715465707,-0.014419348655543746
2022-08-24,90.96883796584287,0.00456461363274264
2022-08-25,93.12339659385506,0.023684578985401345
2022-08-26,90.76093640474825,-0.025369136817574984
2022-08-29,91.26349649656018,0.005537184957752728
2022-08-30,92.98710402932034,0.018886056297712905
2022-08-31,92.49842473139502,-0.0052553448462188965
2022-09-01,93.50103553377593,0.010839220292587548
2022-09-02,88.62235605820196,-0.05217781223194709
2022-09-05,85.09846120699072,-0.03976304634574329
2022-09-06,81.82169520817256,-0.038505584617421706
2022-09-07,82.40532540366617,0.007132951645755319
2022-09-08,91.32872900417726,0.10828673458662301
2022-09-09,91.68352746646904,0.003884850541121183
2022-09-12,90.9100756541977,-0.008436104430582875
2022-09-13,90.37052934571591,-0.0059349451048101125
2022-09-14,92.67484624539902,0.025498543788184135
2022-09-15,94.28897285713141,0.01741709511401029
2022-09-16,90.66798174918564,-0.03840312390964723
2022-09-19,93.0716521941526,0.02651068655764513
2022-09-20,92.632545613097,-0.0047179411851378025
2022-09-21,94.53804646129137,0.02057053312723572
2022-09-22,88.49045469226417,-0.06396992528826366
2022-09-23,84.00915837466742,-0.05064157861072102
2022-09-26,85.17732984722953,0.013905287175384494
2022-09-27,80.23528377762149,-0.058020673792802416
2022-09-28,80.85253457573124,0.007693009472248104
2022-09-29,81.34932174945655,0.0061443611673050146
2022-09-30,81.37947388015931,0.00037065005650110516
2022-10-03,81.92189203697258,0.006665294464941407
2022-10-04,82.24674255245543,0.0039653688093073385
2022-10-05,83.0216711626363,0.009421997590805923
2022-10-06,81.67768410855534,-0.016188388348003
2022-10-07,81.29734636916403,-0.004656568603069148
2022-10-10,88.11666816951342,0.0838812348115701
2022-10-11,90.7695793956529,0.03010680364168979
2022-10-12,92.07342027518654,0.014364293502455897
2022-10-13,92.78869611502951,0.0077685377354851405
2022-10-14,90.39222003666731,-0.025827241665205725
2022-10-17,90.64570002119548,0.0028042234655298046
2022-10-18,89.61166194444287,-0.0114074697035913
2022-10-19,91.7966219799249,0.024382541156715218
2022-10-20,88.90929212618164,-0.03145355233632324
2022-10-21,82.25076134996797,-0.07489128095591809
2022-10-24,80.5389714361714,-0.020811842780556106
2022-10-25,81.90025509669677,0.016902173398181678
2022-10-26,87.61398354150707,0.06976447677805529
2022-10-27,89.95866691431513,0.02676151999979864
2022-10-28,86.95790867715175,-0.03335707764568781
2022-10-31,86.03864528037678,-0.010571360451961928
2022-11-01,83.23995842881091,-0.03252825334994176
2022-11-02,82.44064281773866,-0.009602546975751356
2022-11-03,79.89166113592486,-0.030918993286468365
2022-11-04,75.6317364560206,-0.053321268068973776
2022-11-07,76.33795372826071,0.009337578446989316
2022-11-08,76.48071279681764,0.001870092943086989
2022-11-09,75.78299809211894,-0.00912275368761642
2022-11-10,76.2670277554286,0.006387048223155441
2022-11-11,80.6142075856611,0.05699946566913476
2022-11-14,80.5748630514379,-0.00048805955428376764
2022-11-15,79.3378501994656,-0.015352341972739138
2022-11-16,81.0821071689861,0.021985180656335
2022-11-17,76.76402209684456,-0.053255708600937965
2022-11-18,78.19252434996152,0.018609007372161757
2022-11-21,76.0628076461002,-0.02723683269681222
2022-11-22,73.8949459607051,-0.028500942214512767
2022-11-23,73.84312570673428,-0.0007012692586360323
2022-11-24,77.25249953064024,0.0461704971353214
2022-11-25,75.21582686971145,-0.026363841601280497
2022-11-28,77.06422121716072,0.024574540018699235
2022-11-29,77.62946140236743,0.007334664209658309
2022-11-30,74.0796716383327,-0.04572735273320437
2022-12-01,75.81959117432369,0.023487138880495098
2022-12-02,73.63702760472471,-0.028786274573557875
2022-12-05,70.0946770637984,-0.04810556123939777
2022-12-06,68.15000542268693,-0.02774349954336012
2022-12-07,66.3908836391883,-0.02581249660345619
2022-12-08,67.30452422883073,0.013761536818936645
2022-12-09,65.55752205869184,-0.025956682558206594
2022-12-12,68.23254536814883,0.040804216289049317
2022-12-13,68.41240437331513,0.002635970916750493
2022-12-14,66.66402520795161,-0.025556464231587417
2022-12-15,64.72851933702147,-0.02903373843527341
2022-12-16,64.91206005519527,0.0028355463720428084
2022-12-19,60.69998843796295,-0.06488889142712098
2022-12-20,56.4933416954943,-0.06930226595953892
2022-12-21,54.767804780505585,-0.03054407587162326
2022-12-22,55.58329230732539,0.014889907128614169
2022-12-23,55.65971088835754,0.0013748480498353205
2022-12-26,55.47335975513438,-0.003348043499488108
2022-12-27,54.895458493100534,-0.010417635863137986
2022-12-28,51.08969995507819,-0.06932738413143355
2022-12-29,50.38691881505754,-0.013755828290997679
2022-12-30,47.502114111313766,-0.057253048441646026
2023-01-02,48.50206881206356,0.02105074099242323
2023-01-03,48.2953319646374,-0.004262433592827386
2023-01-04,47.971947134882775,-0.006695985234999789
2023-01-05,48.35405010997216,0.007965133748167944
2023-01-06,48.62888084504505,0.005683716967820565
2023-01-09,48.77343621884667,0.0029726239076370616
2023-01-10,49.08741595321085,0.006437515145649228
2023-01-11,48.02356613859654,-0.021672556885625208
2023-01-12,45.90751337533209,-0.04406279944220515
2023-01-13,46.19413202557876,0.006243393056455196
2023-01-16,48.013665203564024,0.039388837893474096
2023-01-17,49.27857422781613,0.026344771199808534
2023-01-18,48.76479200277834,-0.010426077318360616
2023-01-19,49.46529018978151,0.0143648349194899
2023-01-20,48.61436639325238,-0.017202442222908784
2023-01-23,48.98068192199731,0.007535129138200007
2023-01-24,47.891614800566465,-0.022234625544111458
2023-01-25,47.90185093113863,0.0002137353399919396
2023-01-26,50.588107869080076,0.056078353669528944
2023-01-27,51.55806093681443,0.01917353916941407
2023-01-30,53.669717434107916,0.04095686414354047
2023-01-31,52.209682052539186,-0.027204081768480732
2023-02-01,50.926215212270556,-0.024582927721664007
2023-02-02,50.662053551563176,-0.005187144962693569
2023-02-03,51.30558244910656,0.012702384771837296
2023-02-06,50.77936757653441,-0.010256483748023616
2023-02-07,52.11992488647844,0.026399645641973394
2023-02-08,51.050639504387426,-0.020515865754219844
2023-02-09,52.92952216297876,0.03680429230332874
2023-02-10,54.255454365869696,0.025050900682764006
2023-02-13,52.222285135146194,-0.037474006152688366
2023-02-14,52.92671184649701,0.013489005881834108
2023-02-15,52.359322952227075,-0.010720274781390753
2023-02-16,53.7501579324535,0.026563272819540136
2023-02-17,52.66833028205164,-0.0201269669153598
2023-02-20,52.949234330585234,0.005333452703537054
2023-02-21,53.60428927114297,0.01237137701497134
2023-02-22,48.96125417993983,-0.08661685761222547
2023-02-23,46.00356752406468,-0.0604087192089732
2023-02-24,45.99605804026976,-0.00016323698789209602
2023-02-27,45.63763481716602,-0.00779247697248184
2023-02-28,46.845751031845566,0.026471928694804584
2023-03-01,46.97595790331756,0.0027794809263167195
2023-03-02,44.996981753212275,-0.04212742514326728
2023-03-03,45.26012412145704,0.00584800042118333
2023-03-06,44.06007180430749,-0.026514560895351702
2023-03-07,43.58032623727908,-0.010888442696126183
2023-03-08,42.74044771774036,-0.019271964945050932
2023-03-09,43.016420594705814,0.006456948668109088
2023-03-10,41.00944433641981,-0.046656049725648574
2023-03-13,39.467167699624206,-0.03760784038290259
2023-03-14,36.675690778012914,-0.07072909165554012
2023-03-15,38.8878793996149,0.06031757206678692
2023-03-16,37.56696502228104,-0.03396725143482476
2023-03-17,36.4431132768979,-0.029915957935824192
2023-03-20,35.034669438487725,-0.038647736479282005
2023-03-21,34.21718659350633,-0.023333539550492888
2023-03-22,33.630093214217545,-0.017157850710034714
2023-03-23,34.11556725667712,0.014435703147392155
2023-03-24,34.159141622038774,0.001277257535652887
2023-03-27,34.3588816210453,0.00584733659927978
2023-03-28,33.612172936008896,-0.021732624864571583
2023-03-29,33.4038179330355,-0.006198795994833976
2023-03-30,34.49027764821098,0.032525016073117946
2023-03-31,34.32861259832862,-0.004687264380161955
2023-04-03,34.50604593231812,0.005168671861738463
2023-04-04,32.26674247911552,-0.06489597381267287
2023-04-05,32.63764104543994,0.011494763271020812
2023-04-06,32.75950016893502,0.003733698870130489
2023-04-07,33.89383704829944,0.03462619617255573
2023-04-10,30.95920431232905,-0.08658307797339303
2023-04-11,30.855777586945365,-0.003340742363410672
2023-04-12,30.613232404770542,-0.007860608325017246
2023-04-13,30.560757542864778,-0.0017141235271054527
2023-04-14,29.8526056843688,-0.02317193405637007
2023-04-17,29.91065561942541,0.001944551697442157
2023-04-18,30.40908507800564,0.016663942941341763
2023-04-19,30.315045836993665,-0.0030924718968276038
2023-04-20,29.912962055226387,-0.013263505650933555
2023-04-21,29.58787723749956,-0.010867690639484106
2023-04-24,29.110206039735928,-0.016144152347578
2023-04-25,29.013356253412503,-0.003327004494273344
2023-04-26,28.256657605630487,-0.02608104492195789
2023-04-27,26.4397418868444,-0.06430044714220007
2023-04-28,27.393674978845166,0.03607951605894508
2023-05-01,25.82266772919353,-0.05734926952535027
2023-05-02,25.61015331218972,-0.008229762286084567
2023-05-03,24.48693580425713,-0.04385828910278215
2023-05-04,24.16030245026512,-0.013339086466475006
2023-05-05,23.345335881525024,-0.033731637690287045
2023-05-08,23.202971057483428,-0.006098212712127184
2023-05-09,22.50539694174806,-0.030063999735516003
2023-05-10,21.520486924446562,-0.043763281307625676
2023-05-11,21.614890471589696,0.004386682674725896
2023-05-12,22.373799479073963,0.03511047203693976
2023-05-15,22.495640520520336,0.005445701860353733
2023-05-16,22.45751072406766,-0.0016949860315333145
2023-05-17,21.636093500169622,-0.03657650369137869
2023-05-18,21.47327509952806,-0.007525314153420848
2023-05-19,21.652351962597333,0.00833952260376023
2023-05-22,21.119396800304212,-0.024614192638922346
2023-05-23,21.581681431169528,0.021889102005917916
2023-05-24,21.44471332148417,-0.006346498539615299
2023-05-25,21.561761602318796,0.005458141551249476
2023-05-26,21.128757514517154,-0.020082036699407575
2023-05-29,20.70862862917068,-0.01988422106968724
2023-05-30,20.73759641780915,0.0013988269893287827
2023-05-31,20.868615822377663,0.0063179648175618105
2023-06-01,20.97629126546138,0.005159683037926072
2023-06-02,20.22534286866575,-0.035799865061566405
2023-06-05,19.672666348838835,-0.027325940698051155
2023-06-06,19.55534463365708,-0.005963691606485243
2023-06-07,18.36124683670191,-0.06106247776886456
2023-06-08,18.838036263049172,0.025967159560984707
2023-06-09,18.915183042563115,0.004095266536101996
2023-06-12,18.835650412904247,-0.004204697859909706
2023-06-13,18.33001173525479,-0.026844768646961507
2023-06-14,18.681352846656196,0.01916753335873011
2023-06-15,18.426240887394712,-0.013655968138685736
2023-06-16,19.375558989956208,0.051519900795984744
2023-06-19,19.497702513208402,0.0063039999679757285
2023-06-20,18.51823349195112,-0.05023509926842712
2023-06-21,18.820407905454754,0.016317669481539697
2023-06-22,18.418651634415998,-0.021346841846202193
2023-06-23,18.029059657409082,-0.021152035704880074
2023-06-26,17.79857070710405,-0.012784302380979155
2023-06-27,17.630113254543314,-0.009464661816552467
2023-06-28,17.665325218359687,0.0019972624853841275
2023-06-29,17.97078044207169,0.017291231264428608
2023-06-30,18.1150911490244,0.008030297149191437
2023-07-03,17.61968368014277,-0.027347776768338782
2023-07-04,16.806236813067155,-0.04616693930733631
2023-07-05,16.304597949558712,-0.029848375284014156
2023-07-06,16.388557652807926,0.005149449468730121
2023-07-07,16.722280403826225,0.020363155689977482
2023-07-10,17.530117230935055,0.04830901094829093
2023-07-11,16.722031930859867,-0.04609697068364012
2023-07-12,16.6664095692467,-0.0033262920345534146
2023-07-13,16.45665901013263,-0.012585227684618228
2023-07-14,16.16386777823739,-0.017791656964816695
2023-07-17,16.138085788374806,-0.0015950384039453008
2023-07-18,15.92530845245261,-0.013184793953411251
2023-07-19,15.70635134039337,-0.013749002897681275
2023-07-20,15.311164831880442,-0.025160936486667864
2023-07-21,15.404744950863572,0.0061118876330218935
2023-07-24,15.803702186251389,0.02589833435479586
2023-07-25,16.48704691796587,0.04323953486727715
2023-07-26,16.131888645719688,-0.021541654731337376
2023-07-27,15.528688131599699,-0.03739180993417272
2023-07-28,15.316816950563942,-0.013643855761686346
2023-07-31,14.844666742967016,-0.03082560881420871
2023-08-01,15.217389194728943,0.025108172397235826
2023-08-02,14.755477458009908,-0.030354204049603525
2023-08-03,14.703109911309104,-0.003549024208117179
2023-08-04,14.02555793928233,-0.04608222179619473
2023-08-07,13.797436661890812,-0.016264684683423833
2023-08-08,13.796935424442157,-3.63283022011664e-05
2023-08-09,14.350229812163242,0.04010270184644679
2023-08-10,13.969030720311011,-0.026563971228469607
2023-08-11,14.043135834462852,0.005304957490292512
2023-08-14,13.086323948665498,-0.0681337770335646
2023-08-15,12.536467923207335,-0.04201760766546182
2023-08-16,12.157326167580763,-0.03024310818238599
2023-08-17,11.904706535356166,-0.020779209897176493
2023-08-18,11.989323881087522,0.007107890100444679
2023-08-21,12.146640763422814,0.013121414009296322
2023-08-22,11.489555364645087,-0.05409605927890855
2023-08-23,11.604915075426831,0.010040398180831493
2023-08-24,11.148635030399818,-0.03931782715008203
2023-08-25,11.697014563059925,0.04918804240741588
2023-08-28,11.738163913466975,0.003517936152443681
2023-08-29,11.722871357722907,-0.001302806457364536
2023-08-30,11.591590878618662,-0.011198662435015012
2023-08-31,11.511688597723554,-0.006893124656641608
2023-09-01,11.444583913002113,-0.005829265111871686
2023-09-04,11.139757323750302,-0.026635008451945476
2023-09-05,11.323376235353626,0.016483205716864423
2023-09-06,11.348087722741482,0.0021823426930478763
2023-09-07,11.536048794477322,0.016563237465918305
2023-09-08,11.446654549602911,-0.00774912159848067
2023-09-11,11.612444129503015,0.014483671118200633
2023-09-12,11.279989467382725,-0.02862917215469251
2023-09-13,12.419291784318295,0.1010020727616796
2023-09-14,12.081227772991374,-0.02722087677767504
2023-09-15,11.848188861894384,-0.019289340079985014
2023-09-18,12.120137892855409,0.022952793387321573
2023-09-19,12.496736620289612,0.031072148746443016
2023-09-20,12.12447215188982,-0.029788934480333488
2023-09-21,11.447890786394073,-0.05580295430760586
2023-09-22,10.899952871303014,-0.04786365674821845
2023-09-25,10.51053494505178,-0.03572656972457916
2023-09-26,10.200780791172214,-0.02947082669901543
2023-09-27,10.089884925101874,-0.010871311553553836
2023-09-28,10.34165285325939,0.02495250738996667
2023-09-29,10.615237055489194,0.026454591554345003
2023-10-02,10.3575193639646,-0.024278091028718623
2023-10-03,10.463487709172238,0.01023105451063104
2023-10-04,10.677950644276569,0.02049631452391686
2023-10-05,11.064052951938878,0.03615883988649643
2023-10-06,10.945154039599457,-0.010746415699193296
2023-10-09,10.6356991518073,-0.028273232763335453
2023-10-10,10.811150487985559,0.016496455350417202
2023-10-11,11.237764714600946,0.03946057610515026
2023-10-12,10.99362112580275,-0.021725280338089476
2023-10-13,11.570339915546818,0.05245940196997248
2023-10-16,12.097554362052412,0.045566029205173886
2023-10-17,11.929624523159005,-0.013881304755295724
2023-10-18,11.296708922790879,-0.05305410904923666
2023-10-19,11.026626691277857,-0.023908045551933866
2023-10-20,10.843927990081326,-0.01656886610127513
2023-10-23,10.951685359031162,0.009937115872440087
2023-10-24,10.336977901603934,-0.056129028297942946
2023-10-25,11.028664163227083,0.06691377965660768
2023-10-26,11.736675171507397,0.06419734954311501
2023-10-27,11.411225986860766,-0.027729248691887663
2023-10-30,10.705086075646166,-0.06188116088732881
2023-10-31,10.586081868759722,-0.011116604392110024
2023-11-01,10.656754091050702,0.006675956521698438
2023-11-02,11.022682147605893,0.034337665430648145
2023-11-03,11.191270339185724,0.015294661437411435
2023-11-06,11.055606429305394,-0.012122297627402464
2023-11-07,10.335626961562774,-0.06512347127645125
2023-11-08,10.431037380278083,0.00923121732915985
2023-11-09,10.631248320372569,0.01919377074355284
2023-11-10,10.467464670718078,-0.015405871890005052
2023-11-13,10.489866754997536,0.0021401633522705864
2023-11-14,10.489768094655476,-9.405299834976816e-06
2023-11-15,10.348994764598656,-0.013420061224093576
2023-11-16,9.926677848184582,-0.04080753020174638
2023-11-17,9.9677359475811,0.004136136986053685
2023-11-20,9.48250996577312,-0.04867965848611089
2023-11-21,9.82302062734494,0.0359093386456629
2023-11-22,9.497849931022923,-0.033102923088323646
2023-11-23,9.57974101798302,0.008622065789080731
2023-11-24,9.310759721713946,-0.028078138622343044
2023-11-27,9.359230975098676,0.005205939669099897
2023-11-28,9.242217701986357,-0.012502445278212098
2023-11-29,9.332795367320713,0.009800425423314678
2023-11-30,9.053649705118906,-0.029910187807101304
2023-12-01,8.554763132506936,-0.05510336591992289
2023-12-04,8.429562041321347,-0.01463524930454745
2023-12-05,8.288372213597231,-0.01674936693413133
2023-12-06,7.862880257407213,-0.051336009680162636
2023-12-07,7.651200803332411,-0.02692136305590952
2023-12-08,7.2194581925490295,-0.05642808519616166
2023-12-11,7.199308746436133,-0.0027909914533049253
2023-12-12,7.073676925733588,-0.017450539368065808
2023-12-13,7.032676641271525,-0.0057961771356713696
2023-12-14,7.537911141106474,0.07184099676501009
2023-12-15,7.526689438840238,-0.0014887018507078013
2023-12-18,7.56410577998274,0.004971155173404901
2023-12-19,7.659246564228365,0.012577928840894856
2023-12-20,7.579489845392443,-0.010413128519509622
2023-12-21,7.397789568799427,-0.023972626166056794
2023-12-22,7.546487106753839,0.02010026597425155
2023-12-25,7.7323662236312405,0.024631211085095063
2023-12-26,7.007519672240492,-0.09374188061288555
2023-12-27,6.9296099276630665,-0.011118020101471393
2023-12-28,6.815622237217396,-0.01644936607335289
2023-12-29,6.65748362783272,-0.023202373001417885
2024-01-01,6.8637393836180705,0.030981038379585855
2024-01-02,6.71050578200931,-0.02232509031075509
2024-01-03,6.842138004560357,0.01961584220729674
2024-01-04,6.68755844365158,-0.02259228925311769
2024-01-05,6.563567967105921,-0.018540469977254767
2024-01-08,6.665558880375897,0.015538943724071469
2024-01-09,6.475833061742483,-0.02846360253331299
2024-01-10,6.403442668343321,-0.01117854532520686
2024-01-11,6.1509642223847765,-0.0394285478976366
2024-01-12,5.948649522745145,-0.03289154225663714
2024-01-15,6.039833442179043,0.015328507602481854
2024-01-16,6.1074770665315254,0.011199584392525521
2024-01-17,5.859148597956208,-0.04065974638466299
2024-01-18,5.6138964545846886,-0.04185798316449413
2024-01-19,6.007046750084372,0.07003162574874552
2024-01-22,5.853001031201264,-0.025644168472793265
2024-01-23,5.662778759149325,-0.03249995532853986
2024-01-24,5.713673433234789,0.008987579464098526
2024-01-25,5.5442789393137355,-0.029647213110874534
2024-01-26,5.44815902877505,-0.017336773923316066
2024-01-29,5.559304075346382,0.020400477663061238
2024-01-30,5.690229696878994,0.023550721413714934
2024-01-31,5.62021861594766,-0.012303735466027702
2024-02-01,5.810447490118944,0.03384723747782663
2024-02-02,5.748214951265732,-0.010710455426891346
2024-02-05,5.670066835265882,-0.013595197232950136
2024-02-06,5.632718408312493,-0.006586946510241115
2024-02-07,5.54480333222351,-0.015607930259613476
2024-02-08,5.596896845466409,0.009395015498594571
2024-02-09,5.608474854551846,0.0020686479320796633
2024-02-12,5.442197995082239,-0.02964742889676262
2024-02-13,5.436734240559683,-0.0010039609965484713
2024-02-14,5.313580089893962,-0.022652229300993528
2024-02-15,5.18748556928977,-0.023730614476671685
2024-02-16,5.1325798582579125,-0.010584262895477236
2024-02-19,5.256469442973898,0.02413787766334619
2024-02-20,5.266361657898117,0.0018819123808362119
2024-02-21,5.432915524182321,0.03162598338350303
2024-02-22,5.652687851674291,0.040452005284040665
2024-02-23,5.610701252740549,-0.007427722887848229
2024-02-26,5.472916328236061,-0.024557522900936216
2024-02-27,5.308615583759076,-0.030020693652727467
2024-02-28,5.318957919913006,0.001948217193494117
2024-02-29,5.4230427268833274,0.019568646441185552
2024-03-01,5.645805648292614,0.04107710977547668
2024-03-04,5.388350386680048,-0.04560115555703291
2024-03-05,5.503176096655347,0.02130999317697418
2024-03-06,5.644897227130211,0.02575260685570227
2024-03-07,6.02164543367781,0.06674137568650343
2024-03-08,6.017364663923567,-0.0007108970133480109
2024-03-11,5.973651991805517,-0.0072644213138892254
2024-03-12,5.6638880016095925,-0.051855044555801005
2024-03-13,5.4961562481314825,-0.02961424262457919
2024-03-14,5.279753505790768,-0.039373469852550955
2024-03-15,5.086816858926235,-0.03654273758290476
2024-03-18,4.917893797961723,-0.03320800918320654
2024-03-19,4.661162846383922,-0.05220343547967739
2024-03-20,4.619332229265495,-0.008974287854130514
2024-03-21,4.644283164045142,0.00540141594959812
2024-03-22,4.721724120719168,0.016674469221333272
2024-03-25,4.67918082723133,-0.009010118422877692
2024-03-26,4.798794500669293,0.025562951690571312
2024-03-27,4.922931782721576,0.025868430505821764
2024-03-28,4.668835421543676,-0.051614845054266806
2024-03-29,4.602253811712424,-0.014260860325900678
2024-04-01,4.40190714254898,-0.043532294688653314
2024-04-02,4.24601307209761,-0.035415120174728976
2024-04-03,4.243815319203174,-0.0005176038926678192
2024-04-04,4.202279921622662,-0.009787277356902178
2024-04-05,4.361508557815467,0.03789101134684096
2024-04-08,4.603210052482574,0.05541694839369224
2024-04-09,4.633694157534947,0.006622358029465217
2024-04-10,4.579444643156962,-0.01170761654386893
2024-04-11,4.532210566536976,-0.010314367854750144
2024-04-12,4.503808144936397,-0.006266792150012673
2024-04-15,4.554558389787128,0.011268296343348496
2024-04-16,4.4274492632348394,-0.027908112197509796
2024-04-17,4.4789612605455025,0.011634689467457871
2024-04-18,4.419962359072226,-0.013172451834533323
2024-04-19,4.534443352518008,0.025900897823440367
2024-04-22,4.693409623219529,0.035057505043754975
2024-04-23,4.91078221080541,0.04631442917542962
2024-04-24,4.859388371696771,-0.010465509750270477
2024-04-25,4.634571015714429,-0.04626453758908805
2024-04-26,4.373668613712587,-0.05629483313929183
2024-04-29,4.310239950328379,-0.01450239352504723
2024-04-30,4.102371809441122,-0.04822658211207473
2024-05-01,3.876364273625707,-0.05509191909306829
2024-05-02,3.813353115838921,-0.016255220959368023
2024-05-03,3.6790361030785044,-0.03522281013067603
2024-05-06,3.7343068561782644,0.015023161380099247
2024-05-07,3.93038520021564,0.05250729294325983
2024-05-08,3.881669711980658,-0.012394583673963878
2024-05-09,3.896465340317434,0.0038116659671247523
2024-05-10,3.690436999459841,-0.05287570217185823
2024-05-13,3.690058287556685,-0.00010261979901334244
2024-05-14,3.5920788832292194,-0.02655226467773269
2024-05-15,3.453850136579451,-0.03848154540679326
2024-05-16,3.241999135676673,-0.06133763554448447
2024-05-17,3.379815369798709,0.04250964554722818
2024-05-20,3.1977348255086673,-0.0538729262897238
2024-05-21,3.0643351901992895,-0.04171691606359443
2024-05-22,3.04854097484593,-0.005154206172965094
2024-05-23,3.0584110441511676,0.0032376370816981576
2024-05-24,3.0687295999077797,0.003373828961396462
2024-05-27,3.062203198874515,-0.0021267435988694553
2024-05-28,2.9637961530605756,-0.032136027370785816
2024-05-29,3.016222313194695,0.017688854909937452
2024-05-30,3.0176276629288443,0.000465930421640782
2024-05-31,2.870206438610368,-0.04885335130292137
2024-06-03,2.992981091085041,0.04277554771778566
2024-06-04,2.94650669553006,-0.015527794576922226
2024-06-05,3.0148426045895698,0.023192178440720138
2024-06-06,2.867461594720622,-0.048885142343612145
2024-06-07,2.7501290196559003,-0.04091862129234669
2024-06-10,2.6884963122851047,-0.022410842156964407
2024-06-11,2.6187496603260585,-0.025942625117370683
2024-06-12,2.6847507764172076,0.025203293423217674
2024-06-13,2.540124122803108,-0.053869675682561124
2024-06-14,2.53957692355521,-0.0002154222476713828
2024-06-17,2.449264224687403,-0.03556210407731089
2024-06-18,2.4746782875055304,0.010376203009036881
2024-06-19,2.4774408445261535,0.0011163297607493993
2024-06-20,2.423836972595794,-0.02163679187287005
2024-06-21,2.5731272571436596,0.06159254365527092
2024-06-24,2.5565519497631968,-0.006441697484819629
2024-06-25,2.6276846274047974,0.027823677765745906
2024-06-26,2.5097186118519867,-0.044893521209704065
2024-06-27,2.48771268149398,-0.008768285916231917
2024-06-28,2.4818148061517054,-0.0023708024588807945
2024-07-01,2.4796864384326427,-0.0008575852290779928
2024-07-02,2.4416590212106706,-0.01533557494713256
2024-07-03,2.3687607770516923,-0.02985602966086246
2024-07-04,2.1371260000242667,-0.09778732376501634
2024-07-05,2.090098183052924,-0.0220051681420789
2024-07-08,2.0222139277817757,-0.032478979131972036
2024-07-09,1.9967152823431624,-0.012609271990616488
2024-07-10,2.0383542697061396,0.0208537430104275
2024-07-11,2.1639743914179226,0.06162820839278983
2024-07-12,2.1879590325720493,0.011083606741950075
2024-07-15,2.244095560738028,0.025657028916116265
2024-07-16,2.275667364212686,0.01406883201724025
2024-07-17,2.314400327961925,0.017020485664274308
2024-07-18,2.3443537197881574,0.012942182674425009
2024-07-19,2.314813368865646,-0.012600637298530441
2024-07-22,2.281366557320487,-0.014449031613096904
2024-07-23,2.29337141971589,0.005262136571995261
2024-07-24,2.4065497487101024,0.04935019596966689
2024-07-25,2.4519964053141696,0.018884569757357625
2024-07-26,2.559273099215344,0.04375075496386367
2024-07-29,2.4482283375931737,-0.04338918017628353
2024-07-30,2.4567492022120505,0.0034804207140472446
2024-07-31,2.475232843256738,0.007523617399791835
2024-08-01,2.5029914686154666,0.011214551162065933
2024-08-02,2.3888042609459283,-0.045620294396249345
2024-08-05,2.2461757623260694,-0.05970706807236706
2024-08-06,2.093190121414735,-0.06810938105436025
2024-08-07,2.059006264016533,-0.016330985441063393
2024-08-08,2.1949413416949453,0.06601974945585729
2024-08-09,2.199814428251374,0.0022201443217910784
2024-08-12,2.110430309432645,-0.040632572307374173
2024-08-13,2.1228754869921187,0.005896985796616792
2024-08-14,2.094614244545843,-0.013312717876976715
2024-08-15,2.0964662587375997,0.0008841791258601015
2024-08-16,2.0591862650372206,-0.017782300833607267
2024-08-19,1.9705246665406155,-0.043056619015959904
2024-08-20,1.9308474216636826,-0.020135370823136635
2024-08-21,1.9641851773325067,0.017265867460464265
2024-08-22,1.9740024905518128,0.004998160729752999
2024-08-23,2.0382805586365507,0.0325623034380111
2024-08-26,1.9645287343121747,-0.036183352685123085
2024-08-27,2.018486175389245,0.02746584467544708
2024-08-28,2.014242861538171,-0.002102225867489988
2024-08-29,2.0181139398293686,0.001921852803907549
2024-08-30,2.085913734281182,0.03359562268201058
2024-09-02,2.069906368262656,-0.00767403069237778
2024-09-03,2.0780990414993585,0.0039579921885929525
2024-09-04,2.1104334693277917,0.015559618277434822
2024-09-05,2.1439079121048183,0.01586140632411826
2024-09-06,2.18870550295571,0.020895296200903964
2024-09-09,2.265927289936278,0.035281944910489416
2024-09-10,2.2942496281697555,0.01249922641351552
2024-09-11,2.256312848148183,-0.01653559384112726
2024-09-12,2.414639572941399,0.070170554993364
2024-09-13,2.404627991628824,-0.004146201124493038
2024-09-16,2.42427570056032,0.008170789411042021
2024-09-17,2.3624155623633367,-0.02551695674823044
2024-09-18,2.2004769983665553,-0.06854787386973511
2024-09-19,2.1424295052442797,-0.02637950460984827
2024-09-20,2.1401312114770166,-0.0010727511741400512
2024-09-23,2.1678019158008945,0.01292944291241888
2024-09-24,2.163164033460678,-0.00213944009663031
2024-09-25,2.2083198293356694,0.020874882892145043
2024-09-26,2.2674619174989132,0.026781486711114563
2024-09-27,2.3280096090858735,0.02670284829027978
2024-09-30,2.3215282789304865,-0.0027840650356817428
2024-10-01,2.320604852379166,-0.00039776666073878695
2024-10-02,2.2989969430846187,-0.009311326429570317
2024-10-03,2.232152287115657,-0.02907557409766466
2024-10-04,2.3213180226329286,0.0399460807544139
2024-10-07,2.2282628473929487,-0.040087215251287875
2024-10-08,2.217162737134789,-0.004981508474705677
2024-10-09,2.225990430819883,0.003981527173103107
2024-10-10,2.076887560368343,-0.06698270953331191
2024-10-11,2.117375747484663,0.01949464568468972
2024-10-14,2.0892124699252355,-0.013301029632026397
2024-10-15,2.097435034654286,0.003935724512186404
2024-10-16,2.07076810629704,-0.012714066427159436
2024-10-17,1.9697016873468258,-0.04880624664967512
2024-10-18,1.975852320844645,0.0031226218352405476
2024-10-21,1.9766374469727268,0.00039736073379519326
2024-10-22,2.030319070830182,0.027158052651319535
2024-10-23,2.053648699717632,0.011490621953282975
2024-10-24,1.9443163596104163,-0.053238092825831654
2024-10-25,2.0032188543109273,0.030294707139281066
2024-10-28,2.0455783820373985,0.021145731348980387
2024-10-29,2.0870051516063937,0.020251861249987374
2024-10-30,2.1117166712690216,0.011840660596169183
2024-10-31,2.0613022892432262,-0.023873648729353075
2024-11-01,2.088652918891472,0.013268616539637512
2024-11-04,2.0601641162425097,-0.013639797398259044
2024-11-05,2.2326600953076343,0.0837292416197096
2024-11-06,2.2107426263763963,-0.009816751317095538
2024-11-07,2.131180648859158,-0.03598880148597275
2024-11-08,2.103652385352824,-0.01291690759348351
2024-11-11,2.188835508924191,0.04049296555099792
2024-11-12,2.145473835858968,-0.019810384511961515
2024-11-13,1.982388250479907,-0.07601378429943291
2024-11-14,2.064390950773508,0.041365610532522565
2024-11-15,2.0790928347478457,0.00712165685905033
2024-11-18,2.042541662084246,-0.01758034660728982
2024-11-19,2.0808219540318547,0.018741498721033138
2024-11-20,2.0175970281375446,-0.030384591902158573
2024-11-21,1.9411450974244617,-0.037892567072056044
2024-11-22,1.9913688959769489,0.025873284083258383
2024-11-25,1.9551842413124783,-0.018170744123588732
2024-11-26,1.9810601757885797,0.013234524874613157
2024-11-27,1.9764414828398045,-0.002331424862920592
2024-11-28,2.0205342759031413,0.022309182157006367
2024-11-29,2.0216622794788983,0.0005582699532542803
2024-12-02,1.8919291730754006,-0.0641715026888356
2024-12-03,1.9254798386739986,0.017733573791274822
2024-12-04,1.8928654973001378,-0.016938292844614372
2024-12-05,1.937870859841841,0.02377631300580849
2024-12-06,1.9391819473473157,0.0006765608238630981
2024-12-09,2.016758610658057,0.040004839884602544
2024-12-10,1.9922629068685997,-0.012146076213585228
2024-12-11,1.8639028054989712,-0.06442929842597059
2024-12-12,1.8409076564263016,-0.012337096658059793
2024-12-13,1.864304926306466,0.012709637986722616
2024-12-16,1.8400811740558893,-0.012993449681307454
2024-12-17,1.8092268594198386,-0.01676790952001426
2024-12-18,1.8842815165748008,0.041484381444032783
2024-12-19,1.870525088256135,-0.007300622649885043
2024-12-20,1.9245011372892917,0.02885609467204622
2024-12-23,1.9277790123975282,0.0017032336561014052
2024-12-24,1.8388239268827813,-0.04614381884161907
2024-12-25,1.7818435624039886,-0.03098739560964225
2024-12-26,1.7601404281155775,-0.012180156971316934
2024-12-27,1.7715081487363618,0.006458416862201437
2024-12-30,1.7234880027805701,-0.027106929194790835
2024-12-31,1.645578309580637,-0.045204662332571144
2025-01-01,1.5908841288629982,-0.03323705739143903
2025-01-02,1.5615154759834005,-0.018460585750256706
2025-01-03,1.5156970593219972,-0.029342275094999076
2025-01-06,1.484910734311849,-0.02031166110721326
2025-01-07,1.563703705287384,0.05306242938034239
2025-01-08,1.57242148140786,0.005575081833597105
2025-01-09,1.529409705380462,-0.02735384662189155
2025-01-10,1.5245996293786275,-0.0031450539282657512
2025-01-13,1.5924432291302832,0.04449928915390479
2025-01-14,1.6188406440420178,0.01657667565716077
2025-01-15,1.6092853040808661,-0.0059025821944359855
2025-01-16,1.5392203181620192,-0.04353795174862679
2025-01-17,1.456320958478509,-0.05385802065197527
2025-01-20,1.4372045316327187,-0.013126520451757002
2025-01-21,1.4284557975412118,-0.006087327098508454
2025-01-22,1.3546918799157326,-0.05163892208106713
2025-01-23,1.2963767436718376,-0.043046789538239774
2025-01-24,1.2909621328395864,-0.004176726294020728
2025-01-27,1.2012840719392601,-0.06946606613709988
2025-01-28,1.1356140139209696,-0.054666551860858184
2025-01-29,1.1304961396441218,-0.0045067022897835205
2025-01-30,1.1461898553740593,0.01388214888984744
2025-01-31,1.153776667230638,0.006619158092358775
2025-02-03,1.184937453070792,0.027007640841747782
2025-02-04,1.2375376277744723,0.04439067612165172
2025-02-05,1.2672303486640708,0.023993388340843063
2025-02-06,1.253423271999754,-0.010895475064081454
2025-02-07,1.3299066756302542,0.061019613516889754
2025-02-10,1.3932794365197188,0.04765203607947273
2025-02-11,1.4286011342887421,0.02535148143523421
2025-02-12,1.3897585708502256,-0.027189229034075404
2025-02-13,1.4026216343743927,0.009255610142629007
2025-02-14,1.310603312201483,-0.06560452221596626
2025-02-17,1.2939045393917974,-0.01274128689758608
2025-02-18,1.1937077017018465,-0.07743758108851573
2025-02-19,1.1753915428993766,-0.01534392278474615
2025-02-20,1.208396888132898,0.028080298376238096
2025-02-21,1.205836082682654,-0.0021191758067174923
2025-02-24,1.2611091088489388,0.045837926862594455
2025-02-25,1.2577713928269225,-0.0026466512679960497
2025-02-26,1.2583408241447454,0.0004527303777699578
2025-02-27,1.2436836793251207,-0.01164799276824437
2025-02-28,1.2603757326018212,0.013421462027835219
2025-03-03,1.2559151428007325,-0.003539095275882988
2025-03-04,1.2980693553739406,0.033564538826407364
2025-03-05,1.357688547598836,0.04592912695926085
2025-03-06,1.3695698577043705,0.008751130829340106
2025-03-07,1.3200277201762012,-0.036173501665121593
2025-03-10,1.3390209420128254,0.014388502261217007
2025-03-11,1.3903097027634173,0.03830318043681545
2025-03-12,1.4141976419213955,0.017181739514942604
2025-03-13,1.4232997870630633,0.0064362610089642
2025-03-14,1.4601930279175255,0.025920920659020387
2025-03-17,1.5146011547840226,0.03726091402045108
2025-03-18,1.3924057229330842,-0.08067829042977522
2025-03-19,1.4527190049923908,0.04331588204927629
2025-03-20,1.4831698300886933,0.02096126297766844
2025-03-21,1.5012485459777773,0.012189241934622605
2025-03-24,1.4728132731843557,-0.018941082653906316
2025-03-25,1.479495254614274,0.0045368829515441255
2025-03-26,1.5031537136501303,0.01599089889749226
2025-03-27,1.4327942452379947,-0.04680789979973553
2025-03-28,1.4617777329221264,0.020228646074243135
2025-03-31,1.461641563091771,-9.315358093685364e-05
2025-04-01,1.5227774069262017,0.041826837289103844
2025-04-02,1.5503407701779512,0.0181007172331165
2025-04-03,1.53873710350138,-0.007484591065253003
2025-04-04,1.53786812187896,-0.0005647369004377436
2025-04-07,1.564112948032647,0.017065719602550367
2025-04-08,1.5675997227990295,0.002229234641122258
2025-04-09,1.5899207851899992,0.014239006339650487
2025-04-10,1.552419017589138,-0.023587192487945028
2025-04-11,1.4908192913624239,-0.0396798322674355
2025-04-14,1.4619445528940032,-0.019368369215314218
2025-04-15,1.396031807925523,-0.04508566678401177
2025-04-16,1.3604107689117722,-0.02551592221002688
2025-04-17,1.3719041878475144,0.008448491586799282
2025-04-18,1.30169058167821,-0.0511796718686805
2025-04-21,1.2507845549430294,-0.03910762469338121
2025-04-22,1.2756356110973703,0.019868374658234173
2025-04-23,1.2525514145771526,-0.01809623086671245
2025-04-24,1.249415079144172,-0.00250395743957485
2025-04-25,1.20031690189746,-0.039296930272638794
2025-04-28,1.1600580849506568,-0.033540156672927104
2025-04-29,1.1469487770400648,-0.011300561653470594
2025-04-30,1.2005853252224967,0.04676455414238459
2025-05-01,1.2139353102651604,0.01111956373462214
2025-05-02,1.1502786538473688,-0.05243826081958784
2025-05-05,1.1632125337851227,0.011244127581167915
2025-05-06,1.192845750885462,0.02547532479203263
2025-05-07,1.2149719260784237,0.01854906652979859
2025-05-08,1.1676797231321616,-0.03892452321833288
2025-05-09,1.1627972155677253,-0.0041813756526828585
2025-05-12,1.2343241948693784,0.06151285739597405
2025-05-13,1.197032226567415,-0.030212458328996696
2025-05-14,1.2063918241095426,0.007819002140792017
2025-05-15,1.1765661684923157,-0.024723025323254107
2025-05-16,1.1291132379260609,-0.04033171430304022
2025-05-19,1.112012175562168,-0.015145568920353757
2025-05-20,1.14395263617436,0.028723121305793905
2025-05-21,1.1812441246063186,0.03259880457697095
2025-05-22,1.1474302911131609,-0.028625609887733567
2025-05-23,1.1286340656532532,-0.01638114803616779
2025-05-26,1.0960748424605307,-0.028848343483126513
2025-05-27,1.0253733576836959,-0.06450424919718085
2025-05-28,1.0417929075081898,0.016013240154381797
2025-05-29,1.0882325940790352,0.044576696804283306
2025-05-30,1.1348777203327869,0.04286319533851794
2025-06-02,1.116578141495722,-0.01612471415131717
2025-06-03,1.1586849910475865,0.037710616021427626
2025-06-04,1.1941889734795776,0.03064161761506153
2025-06-05,1.1796076184302302,-0.012210257650312105
2025-06-06,1.1769872183363315,-0.002221416726170167
2025-06-09,1.161556876599945,-0.013110033393733206
2025-06-10,1.1675335507428044,0.005145399474844516
2025-06-11,1.228745049961519,0.0524280430140706
2025-06-12,1.1921820888018209,-0.029756344622379614
2025-06-13,1.147124619436368,-0.03779411701339769
2025-06-16,1.1749314096359402,0.02424042665323926
2025-06-17,1.1747528999790506,-0.000151931981242223
2025-06-18,1.1058555541355737,-0.058648372644754115
2025-06-19,1.0701709516617899,-0.03226877356661448
2025-06-20,1.0416021662093924,-0.02669553439853239
2025-06-23,1.020637565305338,-0.02012726315686243
2025-06-24,1.0286128195288042,0.007813992444105643
2025-06-25,1.057429961962941,0.028015538876267853
2025-06-26,1.0503920764249375,-0.0066556517132718065
2025-06-27,1.053200946645045,0.0026741159640765655
2025-06-30,1.027802239612433,-0.024115727500548658
2025-07-01,1.0574667285799446,0.028862059085118675
2025-07-02,1.0982398070054034,0.038557315633194755
2025-07-03,1.087644369424811,-0.009647653921308091
2025-07-04,1.061597682974393,-0.023947796892648383
2025-07-07,1.1257696064967273,0.06044843969754808
2025-07-08,1.1551880007844184,0.02613180718143391
2025-07-09,1.1223038773790186,-0.028466468992986507
2025-07-10,1.063465506241207,-0.05242641705490696
2025-07-11,1.0523193925188685,-0.010480935824363687
2025-07-14,1.0884299239038546,0.034315181913117374
2025-07-15,1.0688722158438022,-0.017968734257052574
2025-07-16,1.0592634302238746,-0.008989648601111917
2025-07-17,1.0419030508964022,-0.016389104761035004
2025-07-18,1.0605913580284718,0.017936704490874786
2025-07-21,1.1033057466996319,0.04027412475862678
2025-07-22,1.0598866606958017,-0.0393536298833861
2025-07-23,1.0490591207740534,-0.010215752611359648
2025-07-24,1.041139568844407,-0.0075491950575702765
2025-07-25,1.0200766845792852,-0.020230605862478258
2025-07-28,0.9819019870947064,-0.03742336048031861
2025-07-29,1.004595225738741,0.023111511069633668
2025-07-30,1.0077749325933576,0.0031651622197172245
2025-07-31,1.0280374252104503,0.020106168512199634
2025-08-01,1.0732531572826667,0.043982573944679235
2025-08-04,1.059910376448501,-0.012432090922469545
2025-08-05,1.0755815266991477,0.014785354119427562
2025-08-06,1.0610051780671421,-0.013552063019099074
2025-08-07,1.0566520705329085,-0.0041028145990425835
2025-08-08,1.065696165244294,0.008559198399927621
2025-08-11,1.0589619050260948,-0.0063191183733456585
2025-08-12,1.009460301613264,-0.04674540526706766
2025-08-13,1.05372798583288,0.043852823284749334
2025-08-14,1.05703215192393,0.0031356916922333673
2025-08-15,1.0192213249278683,-0.03577074446339337
2025-08-18,0.9502430275885816,-0.06767744713756693
2025-08-19,0.9482472845793993,-0.002100244833415773
2025-08-20,0.9655528443113137,0.018250049341918758
2025-08-21,0.9935088261990975,0.028953342173336578
2025-08-22,1.0255030030826942,0.032203213539629946
2025-08-25,1.0123887019322375,-0.012788164550503191
2025-08-26,1.030632139590132,0.018020190884267182
2025-08-27,0.9815139856442101,-0.04765827889420894
2025-08-28,0.9846465180442027,0.0031915310895304716
2025-08-29,1.0104146089169792,0.02616988980366213
2025-09-01,0.9905371780325573,-0.019672548980391048
2025-09-02,0.9844238818728295,-0.006171697837601823
2025-09-03,0.9862475578425719,0.0018525312147780722
2025-09-04,0.9890236840091919,0.002814837050337406
2025-09-05,1.0319535201130732,0.043406277117507705
2025-09-08,0.9971061104254676,-0.03376839073506649
2025-09-09,1.035901607575993,0.03890809287486087
2025-09-10,0.9956898092971446,-0.038818163795443825
2025-09-11,0.9744046211437115,-0.02137732851605491
2025-09-12,0.9503983791571944,-0.024636831010037483
2025-09-15,0.946660902801524,-0.003932536542186362
2025-09-16,0.9313227758242788,-0.016202345456386755
2025-09-17,0.9435937746756826,0.013175881842407623
2025-09-18,0.9426822615362812,-0.000966001645903844
2025-09-19,1.0037733160333797,0.06480556279646006
2025-09-22,1.014089675183906,0.01027757859841643
2025-09-23,1.005055742325969,-0.008908416167730682
2025-09-24,1.0150279325203466,0.009922026982602401
2025-09-25,1.0319197579488302,0.016641734564427874
2025-09-26,1.0246620205418615,-0.007033238147697757
2025-09-29,0.9890527209173239,-0.03475223918781212
2025-09-30,0.9638241217429264,-0.025507840624510447
2025-10-01,0.9677089453692279,0.00403063540189939
2025-10-02,0.9906738688751614,0.023731229948661198
2025-10-03,1.0037107867158626,0.013159646428853346
2025-10-06,0.9997859090890501,-0.003910367088566069
2025-10-07,1.0154209547732511,0.0156383937221589
2025-10-08,0.999084380078421,-0.016088475048733005
2025-10-09,1.005572968027901,0.006494534474626362
2025-10-10,1.047177455322243,0.04137391180665423
2025-10-13,1.0809188743640534,0.03222130009610205
2025-10-14,1.123503671710054,0.039396848696027054
2025-10-15,1.10952796026532,-0.01243939988505943
2025-10-16,1.1148545345270198,0.004800757125963628
2025-10-17,1.079580973814826,-0.03163960823566875
2025-10-20,1.1079097990770392,0.026240574768662223
2025-10-21,1.0922784071653961,-0.014108903021405746
2025-10-22,1.047535932381468,-0.040962518795954916
2025-10-23,1.0304389919950085,-0.016321101604210637
2025-10-24,1.0368509430019526,0.006222543068299488
2025-10-27,0.966688407497002,-0.06766887369732408
2025-10-28,0.924237725659881,-0.04391351081475821
2025-10-29,0.950330369257869,0.02823152839747862
2025-10-30,0.9517319304359657,0.001474814678595603
2025-10-31,0.9490893954819252,-0.002776553848340563
2025-11-03,0.9018975128615865,-0.04972332727032075
2025-11-04,0.9435161390405336,0.046145626953662935
2025-11-05,0.971255647463839,0.02940014195360111
2025-11-06,0.990339689493858,0.01964883507226104
2025-11-07,0.9558530515743905,-0.0348230392917938
2025-11-10,0.9710632473635629,0.01591269260909895
2025-11-11,1.0029903777037428,0.03287852817709047
2025-11-12,0.9916890527291027,-0.011267630503608132
2025-11-13,0.982834609166781,-0.008928649094143462
2025-11-14,0.9674358738825939,-0.01566767708479632
2025-11-17,0.9834193090529683,0.01652144147418089
2025-11-18,0.9749994619474324,-0.008561807794524713
2025-11-19,0.9642728829320936,-0.011001625574145312
2025-11-20,0.9207729396840115,-0.04511165253948704
2025-11-21,0.8734721077699541,-0.05137078847070593
2025-11-24,0.8967377356927594,0.026635799490156892
2025-11-25,0.9377512171913818,0.0457363171707479
2025-11-26,0.9606605928311179,0.024430120931595266
2025-11-27,1.0000831782552626,0.04103695490200583
2025-11-28,0.9823518871141529,-0.01772981640591493
2025-12-01,0.9793781935447514,-0.0030271164624493772
2025-12-02,0.9888165690853982,0.00963711016117843
2025-12-03,0.982363271439908,-0.006526283890508765
2025-12-04,1.0300406158921669,0.04853331332550258
2025-12-05,0.9873931197816944,-0.04140370336128296
2025-12-08,0.968831973123453,-0.01879813246252425
2025-12-09,0.9571199241685142,-0.012088834059821469
2025-12-10,0.9352576171409052,-0.022841763582135834
2025-12-11,0.9574217725044686,0.023698449451093
2025-12-12,0.8985382952334101,-0.06150212890712563
2025-12-15,0.9277348906508267,0.0324934346953262
2025-12-16,0.9514134030034699,0.02552292965507874
2025-12-17,0.9589259761003545,0.00789622373740861
2025-12-18,0.9975733664520778,0.04030278803051088
2025-12-19,1.066285217881653,0.068878995510829
2025-12-22,1.0704743378254173,0.003928704884502263
2025-12-23,1.0922891457538568,0.020378636981391335
2025-12-24,1.103526651210487,0.010288031791137684
2025-12-25,1.1191987058228352,0.014201790772481248
2025-12-26,1.1006436345992154,-0.0165788890990345
2025-12-29,1.0753519278177723,-0.022979015174746095
2025-12-30,1.0935380009699303,0.016911740874508998
2025-12-31,1.0749817291751358,-0.016969023278876123
2026-01-01,1.1036266072331469,0.026646851086474882
2026-01-02,1.12861080475511,0.022638270369903225
2026-01-05,1.112130947894388,-0.014601895348944538
2026-01-06,1.122943957206293,0.009722784292962338
2026-01-07,1.1242792643455028,0.0011891128944065748
2026-01-08,1.1183640362502305,-0.0052613512343979265
2026-01-09,1.1551297960157787,0.0328745905392491
2026-01-12,1.1552774896495668,0.00012785890754210463
2026-01-13,1.162136793191438,0.005937364488900251
2026-01-14,1.0933311391774376,-0.05920615749979617
2026-01-15,1.1117953352622063,0.016888018115591326
2026-01-16,1.0626961108762687,-0.04416210684528382
2026-01-19,1.049315523205453,-0.01259117026388888
2026-01-20,1.0988938697472088,0.04724827322701164
2026-01-21,1.156606618110659,0.05251894650820671
2026-01-22,1.1419536780317996,-0.012668905615286248
2026-01-23,1.097827802260185,-0.03864068798978522
2026-01-26,1.1099301943789328,0.011023943913454865
2026-01-27,1.0956381296840976,-0.012876543738710028
2026-01-28,1.1057534743676494,0.009232377378531218
2026-01-29,1.0601238125547823,-0.041265673471169925
2026-01-30,1.0947179437482062,0.03263216124733201
2026-02-02,1.1445381873168479,0.045509661966499054
2026-02-03,1.0938767680809545,-0.04426363383703201
2026-02-04,1.0676170034782944,-0.024006145270576505
2026-02-05,1.0444076488699925,-0.021739401426434636
2026-02-06,1.0664414118088583,0.02109689924495061
2026-02-09,1.0026396945725788,-0.059826743907160765
2026-02-10,1.0080220041219312,0.005368139301174277
2026-02-11,1.0002498044146833,-0.007710347269669269
2026-02-12,0.9756581325589353,-0.024585530281746273
2026-02-13,0.9954107603442232,0.020245439592125325
2026-02-16,0.9364008219882085,-0.05928199765050603
2026-02-17,0.8971979435230414,-0.04186548916299519
2026-02-18,0.8754048179604039,-0.0242902090001031
2026-02-19,0.8933150067825857,0.020459321738610547
2026-02-20,0.8832841115975723,-0.011228844370521952
2026-02-23,0.8606237951804091,-0.025654617941873816
2026-02-24,0.8723436215976209,0.01361782753723996
2026-02-25,0.8591110776995388,-0.01516895816106031
2026-02-26,0.8418715303094919,-0.020066726919887416
2026-02-27,0.8336296834064344,-0.009789910462974831
2026-03-02,0.8415158141559536,0.009459992735976357
2026-03-03,0.9089343393797925,0.08011557725918712
2026-03-04,0.8786972880317624,-0.033266485859322105
2026-03-05,0.8854569062794102,0.007692772402642831
2026-03-06,0.8808187621747918,-0.005238136460087367
2026-03-09,0.873472690251178,-0.008340049325784079
2026-03-10,0.9127955605965021,0.045019003781350445
2026-03-11,0.9335456273649352,0.022732436116224147
2026-03-12,0.9519301781633639,0.019693253612382885
2026-03-13,0.9386405772769937,-0.013960688705143214
2026-03-16,0.9144740059212764,-0.0257463526942601
2026-03-17,0.9222458122678453,0.008498662943119272
2026-03-18,0.9140718002139849,-0.008863159848630998
2026-03-19,0.8981121824393113,-0.01745991701192113
2026-03-20,0.9159496014843129,0.019861014463198153
2026-03-23,0.8826544818422518,-0.03635038389460056
2026-03-24,0.8632592513378997,-0.021973751794553714
2026-03-25,0.8834976688850742,0.023444194216057812
2026-03-26,0.881203143770724,-0.0025970924374319735
2026-03-27,0.8987232509189477,0.019882029781752766
2026-03-30,0.8756760471626478,-0.025644383554930896
2026-03-31,0.8940944499109512,0.021033352240229137
2026-04-01,0.875047144732955,-0.021303459807734283
2026-04-02,0.9105945560089272,0.04062342410913257
2026-04-03,0.9322183382637902,0.023746882860401032
2026-04-06,0.945243996635918,0.013972754919611887
2026-04-07,0.9888236837134918,0.04610416700097773
2026-04-08,0.9993007267227207,0.010595461235194926
2026-04-09,0.9805366092615966,-0.018777247888793674
